id,red1,red2,red3,red4,red5,red6,blue,firstPrizeAddress,OpenTime,SaleMoney
2016119,09,32,30,21,19,31,04,"河北1注,内蒙古1注,浙江1注,安徽1注,共4注。",2016-10-11,302415052
2016120,06,21,28,25,02,05,09,"北京1注,内蒙古1注,辽宁1注,上海1注,湖北1注,云南1注,共6注。",2016-10-13,309329228
2016121,28,23,02,10,25,03,09,"吉林1注,江苏1注,山东1注,湖南1注,宁夏1注,共5注。",2016-10-16,340006950
2016122,15,28,23,29,22,24,08,"浙江1注,安徽1注,湖南1注,广东1注,重庆2注,共6注。",2016-10-18,305059324
2016123,09,20,12,27,14,07,16,"上海1注,广西1注,重庆1注,共3注。",2016-10-20,305299416
2016124,32,21,09,15,27,24,10,"山东1注,湖北1注,云南1注,西藏1注,陕西1注,共5注。",2016-10-23,370331346
2016125,01,08,06,30,20,27,03,"辽宁1注,浙江2注,江西1注,河南1注,湖北1注,重庆1注,甘肃3注,共10注。",2016-10-25,346147358
2016126,12,18,06,02,19,17,10,"浙江1注,山东1注,河南1注,宁夏1注,共4注。",2016-10-27,347402822
2016127,17,12,07,29,31,26,16,"河北1注,山东1注,海南1注,共3注。",2016-10-30,377635784
2016128,11,09,27,26,04,17,13,"河北1注,黑龙江5注,江苏1注,浙江1注,安徽1注,福建1注,江西1注,广西5注,四川1注,共17注。",2016-11-01,346505806
2016129,33,06,08,31,05,21,14,"湖北1注,广东1注,共2注。",2016-11-03,356293078
2016130,23,17,27,21,03,28,01,"北京1注,江苏1注,浙江2注,福建1注,广西1注,四川1注,新疆1注,共8注。",2016-11-06,389013348
2016131,19,18,25,27,10,04,02,"河北1注,江苏1注,安徽1注,新疆1注,共4注。",2016-11-08,341425796
2016132,28,05,08,19,27,13,07,"天津1注,河北1注,辽宁1注,黑龙江6注,上海4注,江苏1注,浙江1注,安徽2注,山东4注,河南3注,湖北2注,湖南1注,广东2注,深圳1注,重庆1注,四川2注,云南1注,陕西1注,宁夏1注,新疆1注,共37注。",2016-11-10,349399364
2016133,15,22,21,27,33,16,15,"河北2注,江苏2注,山东1注,河南7注,湖北4注,重庆4注,四川4注,宁夏1注,新疆1注,共26注。",2016-11-13,397601552
2016134,33,18,13,11,12,14,13,"吉林1注,上海3注,浙江1注,广东2注,四川1注,共8注。",2016-11-15,356409344
2016135,33,20,02,08,18,10,12,"北京1注,河北7注,江苏2注,浙江1注,山东2注,河南3注,湖北1注,广东1注,深圳1注,广西1注,四川3注,云南1注,共24注。",2016-11-17,353219786
2016136,10,27,02,29,20,07,03,"北京1注,辽宁1注,上海3注,湖北1注,广东1注,陕西1注,共8注。",2016-11-20,396457052
2016137,32,15,10,06,01,09,14,"福建1注,广东1注,重庆1注,宁夏1注,共4注。",2016-11-22,339962622
2016138,07,20,24,30,25,16,07,"北京1注,辽宁1注,福建1注,湖南1注,深圳1注,广西1注,四川1注,贵州3注,云南1注,宁夏1注,共12注。",2016-11-24,350229764
2016139,28,19,26,30,06,01,03,"湖北1注,广东1注,海南1注,重庆1注,四川1注,共5注。",2016-11-27,395456724
2016140,32,26,02,17,01,05,10,"浙江8注,福建1注,江西1注,山东2注,湖北1注,广东1注,重庆2注,共16注。",2016-11-29,360447386
2016141,24,21,04,17,13,15,15,"江苏1注,安徽1注,河南1注,广东1注,海南1注,云南1注,青海1注,共7注。",2016-12-01,371798444
2016142,21,30,10,23,01,17,12,"黑龙江3注,浙江1注,福建2注,广东3注,青海2注,共11注。",2016-12-04,407120242
2016143,09,06,24,23,25,33,13,"黑龙江1注,上海1注,浙江1注,深圳1注,广西1注,共5注。",2016-12-06,378923738
2016144,27,10,04,12,33,32,05,"天津1注,河北1注,内蒙古1注,安徽1注,江西1注,河南1注,深圳1注,四川3注,贵州1注,新疆3注,共14注。",2016-12-08,372346108
2016145,01,03,07,12,19,20,06,"北京2注,浙江2注,山东2注,广东2注,共8注。",2016-12-11,398955964
2016146,03,15,17,07,16,23,10,"内蒙古1注,黑龙江2注,江苏1注,河南1注,湖南1注,广东1注,广西1注,共8注。",2016-12-13,344859752
2016147,14,28,31,32,18,04,12,"河北1注,上海1注,江苏1注,广东1注,甘肃1注,共5注。",2016-12-15,341474648
2016148,20,01,26,11,30,02,14,"上海1注,江苏1注,湖南1注,广东1注,海南1注,四川4注,云南1注,共10注。",2016-12-18,381634232
2016149,32,26,23,20,03,33,07,"江苏1注,湖北1注,广东2注,四川1注,共5注。",2016-12-20,342258704
2016150,21,04,09,02,05,13,05,"北京1注,辽宁8注,江苏1注,河南1注,广东4注,海南2注,贵州1注,陕西2注,甘肃2注,共22注。",2016-12-22,350741078
2016151,11,06,20,22,16,33,07,"河北1注,吉林1注,江苏1注,福建1注,河南1注,四川3注,贵州1注,云南1注,宁夏1注,共11注。",2016-12-25,375311070
2016152,08,09,20,22,16,02,07,"内蒙古1注,辽宁3注,浙江2注,山东3注,湖北1注,广东1注,广西1注,海南2注,重庆1注,四川1注,甘肃1注,共17注。",2016-12-27,338973816
2016153,09,16,25,07,29,24,06,"黑龙江1注,江苏2注,重庆1注,甘肃1注,共5注。",2016-12-29,342438226
2017001,26,09,20,25,14,11,15,"天津1注,吉林1注,江苏1注,福建2注,河南1注,湖北1注,重庆1注,贵州1注,共9注。",2017-01-01,376155592
2017002,24,32,23,19,25,15,03,"江苏1注,浙江1注,广东1注,云南1注,共4注。",2017-01-03,333473696
2017003,01,27,15,32,08,04,16,"山西1注,山东1注,重庆1注,共3注。",2017-01-05,328263696
2017004,30,27,05,17,13,26,07,"北京5注,辽宁1注,上海6注,江苏1注,深圳3注,四川1注,贵州1注,共18注。",2017-01-08,361243290
2017005,11,12,23,06,30,22,05,"北京1注,河北2注,浙江2注,福建1注,山东2注,湖北2注,湖南1注,重庆1注,陕西1注,甘肃1注,共14注。",2017-01-10,328457210
2017006,26,29,04,02,08,33,08,"广东3注,海南1注,共4注。",2017-01-12,327823184
2017007,26,33,02,04,24,05,15,"河北1注,内蒙古1注,江苏1注,福建2注,广西1注,云南1注,共7注。",2017-01-15,358098002
2017008,28,13,15,07,29,27,13,"内蒙古1注,黑龙江1注,上海1注,江苏1注,广东3注,甘肃2注,青海1注,共10注。",2017-01-17,318368112
2017009,02,08,29,09,15,06,14,"河北1注,辽宁2注,上海1注,河南1注,广东1注,广西1注,重庆2注,共9注。",2017-01-19,318286702
2017010,28,05,30,25,08,19,07,"北京2注,天津1注,辽宁3注,黑龙江1注,上海1注,江苏2注,浙江1注,安徽1注,江西1注,山东2注,河南1注,广东4注,重庆1注,贵州2注,陕西5注,甘肃1注,新疆1注,共30注。",2017-01-22,350388682
2017011,26,10,29,23,12,11,16,"河北2注,山西1注,山东2注,湖南1注,广东1注,云南1注,陕西3注,共11注。",2017-01-24,318019266
2017012,11,16,24,10,15,14,07,"河北1注,辽宁5注,重庆2注,陕西1注,共9注。",2017-01-26,329120186
2017013,28,31,33,08,11,29,06,"吉林1注,浙江1注,安徽1注,山东1注,湖南1注,广东3注,重庆1注,陕西1注,共10注。",2017-02-05,377878424
2017014,18,06,20,31,23,08,13,"江西1注,河南2注,重庆1注,云南1注,共5注。",2017-02-07,307538720
2017015,08,01,32,09,17,14,01,"湖北1注,四川2注,甘肃1注,共4注。",2017-02-09,314977594
2017016,08,29,27,05,16,22,02,"内蒙古1注,上海1注,江苏1注,安徽2注,福建1注,山东3注,云南2注,陕西1注,共12注。",2017-02-12,349767606
2017017,10,03,08,07,22,23,12,"河北1注,黑龙江1注,广东1注,广西1注,甘肃1注,共5注。",2017-02-14,329086094
2017018,01,31,25,02,17,03,09,"河南1注,重庆3注,四川1注,共5注。",2017-02-16,332385048
2017019,25,04,12,06,23,08,08,"北京1注,浙江1注,广东1注,云南1注,共4注。",2017-02-19,362828374
2017020,31,12,04,08,33,10,10,"上海1注,江西1注,广东2注,共4注。",2017-02-21,321450250
2017021,05,10,33,02,22,32,09,"河北9注,吉林1注,江苏1注,福建1注,山东2注,湖北1注,甘肃1注,共16注。",2017-02-23,329896520
2017022,16,18,06,15,02,32,15,"浙江1注,河南1注,湖南1注,云南1注,共4注。",2017-02-26,370988738
2017023,03,04,22,18,01,11,14,"辽宁1注,湖北1注,四川1注,共3注。",2017-02-28,337872226
2017024,25,21,09,29,31,26,13,"山东1注,广东2注,深圳1注,四川1注,新疆1注,共6注。",2017-03-02,342020216
2017025,15,02,22,17,16,32,07,"河北1注,辽宁2注,江苏1注,浙江1注,山东1注,湖北1注,深圳1注,重庆1注,贵州1注,云南1注,共11注。",2017-03-05,372684176
2017026,30,19,10,03,12,27,08,"天津1注,河北1注,辽宁1注,吉林1注,上海1注,江苏1注,安徽2注,江西1注,山东2注,河南12注,湖南1注,广东2注,深圳1注,重庆1注,四川1注,甘肃1注,共30注。",2017-03-07,338217710
2017027,11,30,27,02,14,04,05,"江苏1注,河南1注,广西1注,共3注。",2017-03-09,344767540
2017028,07,08,12,30,13,22,09,"天津2注,上海1注,江苏1注,江西1注,山东2注,海南1注,新疆1注,共9注。",2017-03-12,377657484
2017029,25,23,30,02,15,21,10,"黑龙江1注,上海1注,浙江1注,山东1注,共4注。",2017-03-14,343011048
2017030,09,23,30,07,01,20,02,"江苏2注,陕西1注,新疆2注,共5注。",2017-03-16,350487064
2017031,26,10,06,27,29,16,03,"北京1注,河北1注,辽宁1注,黑龙江9注,上海1注,浙江3注,安徽2注,山东1注,河南7注,广东1注,广西1注,重庆1注,贵州1注,共30注。",2017-03-19,377406752
2017032,24,27,31,15,05,08,11,"北京2注,天津1注,河北3注,内蒙古2注,吉林2注,上海2注,江苏9注,浙江2注,福建1注,江西1注,山东2注,河南1注,湖南4注,广东19注,深圳2注,重庆1注,四川1注,贵州2注,云南6注,共63注。",2017-03-21,346410188
2017033,30,23,05,07,15,20,15,"河北2注,黑龙江1注,江苏1注,福建2注,河南2注,广东1注,四川1注,贵州1注,青海1注,共12注。",2017-03-23,346477046
2017034,19,32,04,08,33,07,13,"河北1注,江苏1注,江西1注,湖北1注,广西1注,重庆1注,贵州1注,陕西1注,共8注。",2017-03-26,373962682
2017035,28,01,32,06,24,14,12,"北京1注,河北3注,山西1注,黑龙江1注,安徽1注,福建1注,湖北4注,广东1注,四川1注,陕西1注,新疆1注,共16注。",2017-03-28,342022594
2017036,10,24,02,27,01,05,15,"上海1注,浙江1注,广东1注,甘肃1注,共4注。",2017-03-30,340257990
2017037,25,11,30,20,22,15,05,"黑龙江1注,上海1注,江苏1注,河南1注,广东2注,贵州1注,共7注。",2017-04-02,346434206
2017038,01,04,13,08,24,27,05,"辽宁3注,上海1注,河南1注,共5注。",2017-04-04,310673636
2017039,02,12,04,17,24,14,15,"江苏1注,共1注。",2017-04-06,330405710
2017040,33,28,19,23,29,15,04,"河北1注,上海2注,浙江1注,河南1注,湖南1注,广东1注,深圳2注,四川3注,陕西1注,共13注。",2017-04-09,359413424
2017041,13,27,22,04,15,10,04,"内蒙古1注,浙江10注,山东1注,湖南1注,广东1注,深圳6注,四川1注,共21注。",2017-04-11,322450520
2017042,23,02,07,04,10,01,04,"河北1注,辽宁1注,浙江1注,深圳4注,重庆1注,共8注。",2017-04-13,326995938
2017043,08,13,23,16,27,31,08,"江苏1注,浙江2注,广西1注,共4注。",2017-04-16,348879160
2017044,08,31,16,19,32,21,06,"江苏1注,福建1注,山东1注,深圳10注,四川1注,陕西1注,共15注。",2017-04-18,318935018
2017045,16,25,07,21,05,20,05,"辽宁1注,四川2注,贵州1注,共4注。",2017-04-20,320562564
2017046,04,13,26,32,23,14,10,"江苏1注,河南1注,湖南1注,深圳1注,陕西1注,青海1注,共6注。",2017-04-23,348845228
2017047,33,10,08,32,05,02,02,"北京1注,河北1注,上海1注,广东2注,四川1注,共6注。",2017-04-25,313845556
2017048,09,14,15,19,05,08,07,"吉林1注,江苏2注,浙江2注,河南2注,广东1注,广西1注,四川1注,甘肃1注,共11注。",2017-04-27,317465116
2017049,14,08,15,29,01,20,10,"湖北1注,广西4注,重庆1注,甘肃1注,共7注。",2017-04-30,326777700
2017050,27,12,20,29,10,24,07,"江苏2注,浙江1注,安徽1注,四川1注,共5注。",2017-05-02,308163776
2017051,09,15,24,02,05,25,11,"河北1注,山西2注,内蒙古1注,江苏1注,福建1注,山东1注,湖北2注,广西1注,共10注。",2017-05-04,315667040
2017052,31,08,18,24,07,29,07,"安徽1注,福建2注,河南1注,陕西1注,共5注。",2017-05-07,346847224
2017053,15,04,09,31,29,11,06,"福建1注,江西1注,湖南1注,广东1注,深圳1注,云南1注,共6注。",2017-05-09,316559816
2017054,09,02,33,28,23,03,08,"浙江1注,广东1注,共2注。",2017-05-11,315730948
2017055,12,24,13,20,31,07,05,"北京1注,天津1注,河北1注,辽宁1注,江苏1注,浙江1注,广东12注,深圳1注,重庆1注,共20注。",2017-05-14,342200872
2017056,13,21,14,18,19,28,06,"山西1注,福建3注,湖北1注,广西1注,四川1注,云南1注,共8注。",2017-05-16,317424132
2017057,18,31,30,20,22,23,16,"河北1注,上海5注,安徽1注,广东2注,共9注。",2017-05-18,314697362
2017058,01,09,28,22,32,13,11,"山西1注,浙江1注,安徽1注,湖北1注,湖南1注,深圳1注,四川1注,陕西1注,共8注。",2017-05-21,338794650
2017059,15,25,09,19,08,04,09,"北京1注,河北1注,辽宁2注,黑龙江1注,上海3注,江苏1注,安徽1注,福建2注,山东5注,湖北2注,广东3注,深圳2注,四川1注,新疆1注,共26注。",2017-05-23,306145516
2017060,26,10,13,24,05,31,04,"北京1注,浙江1注,湖南1注,云南1注,共4注。",2017-05-25,320553910
2017061,06,20,12,26,07,27,11,"北京2注,辽宁6注,吉林1注,江苏2注,浙江2注,福建1注,山东1注,湖北1注,广东2注,深圳2注,广西2注,共22注。",2017-05-28,327891234
2017062,26,31,22,24,07,01,10,"辽宁1注,江西1注,共2注。",2017-05-30,292747704
2017063,12,25,22,31,20,16,04,"河北1注,广西2注,四川1注,共4注。",2017-06-01,307572084
2017064,16,10,24,02,28,22,15,"河北1注,广东1注,重庆2注,四川1注,共5注。",2017-06-04,351655222
2017065,02,08,10,12,05,21,07,"天津1注,辽宁1注,黑龙江1注,江苏2注,安徽2注,江西1注,山东2注,湖北1注,广东1注,云南1注,陕西1注,共14注。",2017-06-06,320800086
2017066,26,01,04,17,06,19,03,"辽宁2注,浙江1注,湖南1注,广东1注,广西1注,云南1注,陕西1注,共8注。",2017-06-08,329821920
2017067,01,29,03,10,04,18,04,"河北4注,上海1注,江苏1注,河南1注,湖南1注,深圳1注,云南1注,共10注。",2017-06-11,356270498
2017068,02,30,22,10,31,06,15,"河北1注,江苏1注,浙江2注,湖北3注,共7注。",2017-06-13,320912348
2017069,11,31,02,29,23,12,05,"江苏1注,江西1注,四川1注,共3注。",2017-06-15,326172358
2017070,25,01,22,06,14,26,12,"黑龙江1注,上海1注,浙江1注,广西1注,共4注。",2017-06-18,357559628
2017071,02,31,03,32,06,14,03,"天津2注,安徽1注,广东1注,共4注。",2017-06-20,322489468
2017072,23,11,26,30,06,14,02,"北京2注,辽宁1注,浙江1注,福建3注,山东3注,深圳1注,共11注。",2017-06-22,321195342
2017073,06,16,03,23,26,30,14,"上海3注,安徽1注,河南1注,深圳1注,广西1注,重庆1注,四川1注,共9注。",2017-06-25,347269730
2017074,06,23,16,31,30,02,02,"北京1注,辽宁1注,上海3注,江苏1注,安徽1注,福建1注,江西1注,山东2注,广东1注,深圳1注,广西1注,海南1注,陕西1注,共16注。",2017-06-27,312167868
2017075,19,01,06,03,29,21,07,"河北1注,上海1注,浙江2注,山东1注,广东1注,四川1注,共7注。",2017-06-29,320592160
2017076,04,01,08,15,14,09,13,"山西1注,辽宁2注,安徽1注,广东1注,重庆1注,四川1注,共7注。",2017-07-02,346391726
2017077,22,17,02,01,04,15,14,"内蒙古1注,河南1注,湖北1注,贵州1注,共4注。",2017-07-04,310153396
2017078,18,24,22,07,05,19,16,"上海1注,浙江1注,山东3注,广东1注,重庆1注,共7注。",2017-07-06,308678006
2017079,03,27,23,14,07,25,08,"黑龙江1注,浙江1注,福建1注,山东1注,河南1注,共5注。",2017-07-09,338568770
2017080,24,12,16,01,22,20,08,"内蒙古1注,辽宁2注,浙江1注,安徽1注,河南2注,广东3注,共10注。",2017-07-11,309113400
2017081,03,14,05,30,26,25,05,"河南3注,宁夏1注,共4注。",2017-07-13,311169340
2017082,14,21,18,28,29,25,10,"山西3注,辽宁1注,湖南1注,广西1注,四川3注,共9注。",2017-07-16,340327376
2017083,08,14,24,20,03,26,12,"河北1注,江苏2注,江西1注,湖北1注,湖南1注,广东1注,四川1注,贵州1注,云南2注,新疆2注,共13注。",2017-07-18,305712986
2017084,11,05,01,22,24,20,02,"内蒙古1注,辽宁1注,安徽1注,山东1注,河南1注,广东1注,广西1注,陕西2注,共9注。",2017-07-20,314750766
2017085,01,25,30,06,05,16,09,"浙江1注,安徽1注,江西1注,广东2注,广西1注,重庆1注,共7注。",2017-07-23,340676888
2017086,05,06,13,03,22,20,07,"山东1注,广西3注,云南1注,共5注。",2017-07-25,313250840
2017087,28,03,19,14,13,06,06,"天津1注,江苏2注,安徽1注,山东1注,河南2注,广东2注,深圳2注,广西1注,贵州1注,共13注。",2017-07-27,316090948
2017088,22,18,07,29,23,09,06,"黑龙江1注,上海1注,江苏1注,安徽2注,江西2注,山东1注,广东2注,共10注。",2017-07-30,346380162
2017089,16,11,12,13,23,25,12,"辽宁1注,河南1注,共2注。",2017-08-01,314842050
2017090,33,16,22,10,01,07,09,"天津1注,山东1注,云南2注,共4注。",2017-08-03,312174318
2017091,07,10,28,05,23,29,03,"山东2注,云南1注,新疆1注,共4注。",2017-08-06,337138076
2017092,29,10,33,18,19,32,09,"浙江1注,河南3注,共4注。",2017-08-08,308876342
2017093,22,07,27,09,15,08,12,"江苏1注,浙江2注,安徽1注,山东4注,河南1注,广东26注,深圳1注,四川1注,青海1注,宁夏1注,共39注。",2017-08-10,308248758
2017094,31,28,08,11,19,13,06,"吉林1注,安徽3注,河南1注,湖南1注,广东1注,四川1注,云南1注,共9注。",2017-08-13,341689810
2017095,22,09,19,12,29,10,16,"吉林1注,江苏2注,浙江3注,贵州7注,云南1注,共14注。",2017-08-15,317203922
2017096,12,19,02,06,29,11,06,"河北1注,山西1注,吉林1注,黑龙江1注,江西1注,山东2注,湖北1注,重庆2注,四川2注,陕西1注,新疆1注,共14注。",2017-08-17,322973284
2017097,18,10,30,31,19,05,03,"河北1注,上海1注,浙江1注,江西3注,湖北1注,广东1注,广西1注,新疆1注,共10注。",2017-08-20,348913966
2017098,04,27,22,30,33,19,01,"辽宁1注,上海1注,江苏1注,浙江1注,安徽1注,江西4注,山东1注,湖南1注,广东1注,广西1注,云南1注,共14注。",2017-08-22,314009676
2017099,06,05,16,28,29,02,04,"天津15注,河北1注,内蒙古1注,上海1注,浙江2注,安徽2注,福建1注,广东2注,广西1注,四川1注,共27注。",2017-08-24,310565530
2017100,23,04,07,18,24,08,02,"北京10注,江苏2注,浙江1注,湖南1注,重庆1注,陕西1注,共16注。",2017-08-27,343590604
2017101,11,28,01,32,04,31,16,"广东1注,甘肃1注,共2注。",2017-08-29,313219868
2017102,10,14,04,20,18,08,11,"北京3注,河北1注,内蒙古1注,辽宁1注,黑龙江1注,广东2注,深圳1注,四川1注,云南2注,新疆1注,共14注。",2017-08-31,315963272
2017103,25,31,33,01,21,23,01,"山西1注,山东1注,湖南1注,广东3注,重庆2注,贵州1注,共9注。",2017-09-03,347478996
2017104,01,14,23,30,20,15,14,"黑龙江1注,贵州1注,共2注。",2017-09-05,310263038
2017105,03,12,06,25,07,26,07,"河北1注,山西2注,辽宁2注,上海2注,江苏1注,浙江4注,山东2注,河南2注,湖南4注,广东2注,广西6注,宁夏1注,共29注。",2017-09-07,314223620
2017106,31,20,25,12,15,27,02,"河北1注,吉林1注,福建1注,湖南1注,共4注。",2017-09-10,346574690
2017107,32,30,08,09,15,17,06,"北京1注,上海15注,江西1注,广东1注,宁夏1注,共19注。",2017-09-12,319335446
2017108,17,14,15,20,07,12,01,"山西1注,内蒙古1注,江西1注,山东1注,重庆2注,共6注。",2017-09-14,320774192
2017109,21,16,08,14,18,23,16,"黑龙江1注,贵州1注,云南2注,共4注。",2017-09-17,349302018
2017110,12,19,15,23,01,03,14,"河北1注,安徽1注,湖北1注,共3注。",2017-09-19,316936062
2017111,19,10,05,32,17,29,12,"黑龙江1注,江苏1注,浙江4注,福建1注,湖北2注,广东5注,重庆2注,共16注。",2017-09-21,317976914
2017112,23,16,22,10,03,14,11,"广东1注,陕西1注,共2注。",2017-09-24,346255520
2017113,29,06,04,33,16,27,05,"河北1注,辽宁1注,山东2注,共4注。",2017-09-26,316223542
2017114,06,12,15,13,18,26,13,"上海1注,山东1注,湖北1注,深圳1注,共4注。",2017-09-28,321554260
2017115,11,04,31,25,10,30,01,"广东3注,广西2注,云南1注,共6注。",2017-10-01,322048056
2017116,14,30,22,32,02,20,02,"辽宁1注,江苏1注,河南1注,湖北1注,广东1注,海南1注,四川1注,云南2注,共9注。",2017-10-03,270066216
2017117,11,08,02,01,14,21,09,"山东1注,广东1注,陕西1注,共3注。",2017-10-05,277103412
2017118,22,33,09,30,15,08,16,"浙江1注,福建1注,河南1注,湖南8注,重庆1注,共12注。",2017-10-08,339910326
2017119,31,09,25,26,21,16,14,"河北1注,江苏2注,浙江1注,安徽1注,河南1注,海南1注,重庆2注,四川1注,陕西1注,共11注。",2017-10-10,311293858
2017120,10,19,08,23,28,15,16,"河北1注,辽宁1注,安徽1注,四川1注,云南1注,共5注。",2017-10-12,319254526
2017121,32,19,22,18,24,11,07,"浙江2注,福建1注,湖北1注,云南1注,共5注。",2017-10-15,344520506
2017122,22,21,27,24,20,11,15,"江苏2注,河南2注,共4注。",2017-10-17,323216212
2017123,06,31,04,21,11,05,10,"山西1注,内蒙古1注,上海1注,江苏2注,福建2注,河南2注,湖北1注,湖南2注,重庆1注,四川1注,贵州2注,共16注。",2017-10-19,327467830
2017124,28,26,02,06,29,11,03,"河北1注,上海1注,安徽1注,福建1注,河南1注,湖南1注,广西1注,青海1注,共8注。",2017-10-22,352610564
2017125,25,23,14,01,29,30,03,"上海1注,安徽1注,山东2注,广东1注,新疆1注,共6注。",2017-10-24,324821104
2017126,21,01,27,30,16,17,16,"浙江1注,福建6注,云南1注,共8注。",2017-10-26,328800104
2017127,21,24,14,27,32,15,12,"上海1注,江苏1注,广东1注,甘肃1注,共4注。",2017-10-29,351381232
2017128,22,29,02,31,13,06,08,"天津2注,辽宁1注,山东4注,湖北1注,湖南1注,广东1注,重庆1注,云南1注,甘肃1注,共13注。",2017-10-31,323872230
2017129,14,33,09,21,06,05,02,"山西1注,辽宁1注,广西1注,共3注。",2017-11-02,334351058
2017130,31,13,05,23,25,14,02,"浙江1注,安徽1注,四川3注,共5注。",2017-11-05,401382016
2017131,07,27,10,01,11,26,11,"河北2注,辽宁2注,吉林1注,上海1注,浙江1注,安徽6注,福建5注,山东1注,河南4注,湖南1注,重庆1注,共25注。",2017-11-07,367788616
2017132,09,13,05,02,03,28,11,"北京1注,浙江2注,广东1注,广西1注,云南1注,共6注。",2017-11-09,377852842
2017133,30,23,18,15,17,06,11,"河北2注,辽宁1注,上海1注,湖北1注,广东1注,新疆1注,共7注。",2017-11-12,400247724
2017134,28,05,04,11,14,32,04,"北京1注,山西1注,内蒙古1注,吉林2注,江苏1注,浙江1注,山东1注,重庆1注,四川3注,陕西1注,共13注。",2017-11-14,365781644
2017135,07,14,18,06,01,26,16,"山西1注,山东3注,广东1注,广西1注,贵州1注,云南1注,共8注。",2017-11-16,378825098
2017136,03,10,18,07,24,21,12,"河北2注,江苏3注,浙江2注,安徽4注,深圳5注,广西1注,四川1注,陕西1注,共19注。",2017-11-19,401556928
2017137,26,10,23,31,05,20,03,"天津1注,内蒙古1注,安徽2注,广西1注,四川1注,云南1注,共7注。",2017-11-21,376184186
2017138,28,01,24,17,32,33,02,"江苏1注,浙江1注,广东1注,重庆1注,四川2注,共6注。",2017-11-23,377937674
2017139,28,14,24,02,20,32,16,"山西1注,河南2注,广东1注,四川1注,陕西1注,共6注。",2017-11-26,409744564
2017140,28,21,22,25,29,30,08,"北京10注,内蒙古1注,江苏1注,浙江1注,安徽1注,山东1注,云南1注,共16注。",2017-11-28,376479116
2017141,07,06,11,13,01,15,05,"江苏1注,山东1注,广东1注,陕西1注,共4注。",2017-11-30,374075240
2017142,23,13,14,18,08,33,06,"山西1注,福建1注,江西1注,河南1注,重庆1注,新疆1注,共6注。",2017-12-03,417715258
2017143,14,06,29,20,04,09,14,"河北1注,辽宁1注,上海6注,山东1注,广东1注,青海1注,新疆2注,共13注。",2017-12-05,383967718
2017144,16,14,32,03,20,31,09,"北京1注,天津2注,浙江1注,江西1注,四川1注,云南2注,共8注。",2017-12-07,394649686
2017145,17,12,28,06,25,02,12,"河北1注,山西1注,内蒙古1注,辽宁1注,吉林1注,黑龙江1注,上海1注,江苏1注,浙江6注,安徽1注,山东2注,湖北1注,湖南3注,深圳1注,重庆2注,四川2注,云南2注,陕西2注,甘肃1注,共31注。",2017-12-10,434698744
2017146,01,25,27,26,33,19,10,"北京1注,河北5注,吉林1注,江苏1注,山东1注,湖北1注,湖南6注,广东1注,重庆1注,四川2注,贵州1注,共21注。",2017-12-12,409358700
2017147,25,31,07,20,03,21,14,"山西1注,上海1注,安徽1注,共3注。",2017-12-14,397012632
2017148,07,32,11,14,04,29,12,"北京1注,河北1注,内蒙古2注,辽宁1注,江苏2注,浙江4注,山东2注,四川2注,贵州1注,云南2注,共18注。",2017-12-17,419003890
2017149,30,20,05,08,27,15,13,"河北3注,内蒙古2注,辽宁4注,吉林1注,黑龙江3注,上海7注,江苏6注,浙江3注,安徽2注,福建2注,江西1注,山东6注,河南4注,湖北1注,湖南3注,广东2注,深圳3注,广西3注,重庆3注,四川4注,贵州1注,陕西1注,甘肃1注,新疆1注,共67注。",2017-12-19,389703152
2017150,20,23,19,14,21,06,08,"安徽1注,湖北1注,广东1注,深圳1注,重庆1注,四川1注,云南2注,新疆1注,共9注。",2017-12-21,382821120
2017151,09,07,27,02,11,05,16,"辽宁1注,江苏3注,安徽1注,福建1注,共6注。",2017-12-24,410102286
2017152,29,26,23,10,06,25,05,"吉林1注,浙江1注,福建1注,山东1注,重庆2注,四川1注,陕西1注,共8注。",2017-12-26,367326916
2017153,13,11,07,18,19,12,16,"北京1注,山西1注,浙江1注,湖北1注,共4注。",2017-12-28,372349292
2017154,15,05,18,13,26,09,05,"河北1注,浙江1注,安徽1注,江西1注,山东1注,湖北1注,广东2注,广西1注,四川1注,甘肃1注,共11注。",2017-12-31,414241024
2018001,28,11,26,01,31,08,04,"黑龙江1注,江苏1注,浙江10注,福建1注,山东1注,湖北2注,湖南1注,深圳1注,广西1注,四川1注,甘肃1注,宁夏1注,共22注。",2018-01-02,367348082
2018002,07,33,18,24,31,29,16,"河北1注,黑龙江1注,四川1注,共3注。",2018-01-04,351610618
2018003,16,31,20,01,14,17,04,"河北1注,山西1注,安徽1注,山东1注,湖北1注,共5注。",2018-01-07,388121442
2018004,31,18,30,26,14,19,11,"吉林1注,浙江8注,湖北1注,广东1注,深圳1注,甘肃1注,共13注。",2018-01-09,349304820
2018005,31,20,21,02,33,28,06,"北京1注,共1注。",2018-01-11,354961030
2018006,09,29,17,07,08,02,11,"北京3注,辽宁1注,吉林1注,上海1注,山东4注,广东1注,共11注。",2018-01-14,387617618
2018007,31,20,13,25,27,14,12,"河北2注,浙江2注,山东1注,湖北1注,广东1注,广西1注,共8注。",2018-01-16,354279554
2018008,05,09,17,12,10,19,13,"北京6注,辽宁1注,吉林1注,湖北2注,广东1注,共11注。",2018-01-18,359785672
2018009,10,17,26,23,05,32,07,"北京5注,山西1注,江苏2注,河南2注,湖北2注,广东2注,四川2注,云南1注,共17注。",2018-01-21,384256808
2018010,21,22,08,17,01,20,03,"北京1注,辽宁1注,广东1注,重庆1注,云南2注,共6注。",2018-01-23,351327690
2018011,27,10,03,21,23,33,11,"山西1注,上海1注,安徽1注,河南2注,湖南1注,广西2注,共8注。",2018-01-25,336871794
2018012,12,19,26,11,28,13,12,"山西1注,上海1注,江苏2注,湖北1注,深圳1注,广西1注,西藏1注,共8注。",2018-01-28,367108128
2018013,08,13,33,15,22,06,06,"江苏1注,江西2注,河南2注,广东3注,贵州1注,共9注。",2018-01-30,338322260
2018014,09,20,31,28,12,24,07,"江苏4注,山东1注,湖北1注,广东1注,深圳10注,共17注。",2018-02-01,341965074
2018015,11,26,21,15,20,33,15,"内蒙古1注,浙江1注,安徽1注,广西2注,重庆1注,共6注。",2018-02-04,372995620
2018016,27,11,25,12,18,01,16,"北京2注,山东2注,共4注。",2018-02-06,338462386
2018017,06,30,03,11,26,32,12,"内蒙古1注,浙江1注,福建1注,广东1注,广西1注,共5注。",2018-02-08,341808336
2018018,27,02,25,13,18,12,07,"辽宁1注,黑龙江1注,江苏1注,浙江1注,江西2注,湖北2注,湖南2注,广东1注,四川1注,共12注。",2018-02-11,364855490
2018019,21,16,23,11,03,12,09,"北京2注,河北1注,黑龙江1注,江苏1注,浙江1注,山东1注,广西1注,共8注。",2018-02-13,353382992
2018020,10,30,14,06,09,28,05,"北京20注,河北1注,山西1注,福建2注,江西1注,山东2注,四川2注,陕西1注,宁夏2注,新疆1注,共33注。",2018-02-22,322991340
2018021,04,11,28,06,23,03,14,"辽宁1注,江苏1注,陕西1注,共3注。",2018-02-25,364661036
2018022,14,22,19,21,07,23,03,"辽宁1注,黑龙江1注,山东1注,湖南1注,云南1注,陕西1注,共6注。",2018-02-27,333617132
2018023,16,29,26,12,15,21,16,"北京1注,天津1注,江苏1注,共3注。",2018-03-01,339395846
2018024,32,11,26,19,31,22,02,"黑龙江1注,江西1注,河南1注,湖南1注,广东4注,云南1注,共9注。",2018-03-04,373443496
2018025,25,13,04,21,16,19,14,"广西1注,共1注。",2018-03-06,341614936
2018026,04,07,26,12,14,32,04,"江苏1注,江西1注,山东1注,湖南1注,广西2注,共6注。",2018-03-08,341958742
2018027,28,07,14,09,18,02,05,"江苏1注,福建1注,山东2注,湖北2注,共6注。",2018-03-11,386579026
2018028,08,03,18,11,14,23,16,"天津1注,内蒙古1注,上海1注,浙江1注,山东1注,河南1注,广东1注,共7注。",2018-03-13,352015830
2018029,02,22,09,14,25,01,05,"山西1注,辽宁2注,浙江1注,河南1注,共5注。",2018-03-15,349939456
2018030,13,14,20,33,25,21,07,"江苏1注,共1注。",2018-03-18,388492136
2018031,19,16,30,27,18,02,14,"内蒙古1注,江苏1注,福建1注,共3注。",2018-03-20,345048756
2018032,25,22,23,21,32,24,06,"天津1注,福建1注,广西1注,共3注。",2018-03-22,351194914
2018033,33,20,04,19,28,22,06,"上海1注,安徽1注,江西1注,共3注。",2018-03-25,376360408
2018034,23,05,22,11,26,01,15,"辽宁1注,吉林1注,安徽2注,山东1注,河南2注,广东1注,共8注。",2018-03-27,348544506
2018035,10,07,23,17,11,28,15,"浙江1注,湖南1注,广东1注,深圳1注,广西1注,四川1注,共6注。",2018-03-29,350309396
2018036,24,28,08,26,33,17,04,"江苏1注,深圳2注,陕西1注,共4注。",2018-04-01,375931002
2018037,30,08,01,07,06,27,10,"河北2注,辽宁2注,吉林2注,山东2注,云南1注,陕西3注,共12注。",2018-04-03,336334062
2018038,23,24,29,15,28,25,09,"江苏1注,浙江1注,深圳1注,广西1注,新疆1注,共5注。",2018-04-05,303245456
2018039,32,12,19,08,18,23,03,"江西1注,山东2注,河南1注,湖南1注,广东1注,共6注。",2018-04-08,368394896
2018040,18,03,08,23,01,13,16,"河北1注,山西1注,辽宁1注,上海1注,江苏1注,河南1注,广东2注,深圳1注,云南1注,西藏1注,共11注。",2018-04-10,341719534
2018041,23,08,07,24,20,32,13,"河北1注,江苏1注,浙江1注,四川1注,共4注。",2018-04-12,342614774
2018042,31,21,28,06,29,10,12,"黑龙江1注,山东3注,河南1注,湖北5注,广东1注,广西2注,重庆1注,共14注。",2018-04-15,373384922
2018043,21,04,06,08,01,24,07,"河北1注,内蒙古2注,浙江1注,湖北1注,广东1注,共6注。",2018-04-17,350595736
2018044,09,30,27,17,12,05,06,"北京1注,天津1注,内蒙古1注,黑龙江1注,江苏1注,浙江1注,江西1注,山东4注,湖北1注,湖南2注,广东2注,广西3注,四川1注,甘肃1注,新疆1注,共22注。",2018-04-19,351490126
2018045,04,30,06,25,03,26,01,"山东1注,广西1注,甘肃1注,共3注。",2018-04-22,381384846
2018046,10,18,14,20,13,31,03,"辽宁1注,安徽1注,共2注。",2018-04-24,341414200
2018047,07,25,12,06,22,16,07,"上海2注,浙江1注,福建1注,江西1注,山东2注,湖北1注,湖南1注,共9注。",2018-04-26,340211348
2018048,31,25,20,12,30,01,02,"天津1注,浙江1注,广西1注,四川1注,共4注。",2018-04-29,347082070
2018049,19,03,01,11,04,23,02,"浙江6注,山东1注,共7注。",2018-05-01,308606382
2018050,04,02,01,10,18,19,07,"吉林1注,黑龙江1注,浙江2注,重庆1注,云南1注,新疆1注,共7注。",2018-05-03,332612986
2018051,27,31,05,20,23,07,04,"江苏1注,山东1注,广东1注,甘肃1注,宁夏1注,共5注。",2018-05-06,362286900
2018052,06,03,15,09,05,32,14,"河北1注,山西1注,辽宁1注,山东1注,共4注。",2018-05-08,335132016
2018053,11,27,04,14,10,01,06,"辽宁1注,黑龙江2注,浙江1注,河南1注,广东1注,四川1注,贵州1注,共8注。",2018-05-10,336743448
2018054,33,04,06,22,18,25,16,"河北1注,江苏1注,湖北1注,新疆1注,共4注。",2018-05-13,364343470
2018055,07,09,22,26,12,10,07,"河北1注,江苏2注,浙江1注,山东3注,深圳30注,广西1注,新疆1注,共39注。",2018-05-15,328077816
2018056,20,03,06,21,01,26,01,"上海2注,山东3注,广东1注,四川1注,共7注。",2018-05-17,332042280
2018057,19,15,20,17,30,05,13,"河北1注,吉林1注,福建1注,山东1注,广东1注,海南1注,重庆1注,四川1注,宁夏1注,共9注。",2018-05-20,360079018
2018058,07,16,13,31,12,26,07,"辽宁5注,深圳1注,陕西5注,共11注。",2018-05-22,328678478
2018059,22,06,04,32,13,08,11,"山西1注,江苏1注,贵州1注,云南1注,甘肃1注,共5注。",2018-05-24,335528070
2018060,13,08,31,25,04,30,10,"辽宁1注,江苏1注,福建1注,湖北1注,广东1注,共5注。",2018-05-27,364451892
2018061,10,18,23,11,09,12,07,"河北1注,山西1注,上海1注,江苏2注,浙江1注,湖北2注,广东4注,重庆1注,四川1注,贵州1注,共15注。",2018-05-29,332550974
2018062,19,24,33,02,25,18,11,"山东1注,广西1注,重庆1注,四川2注,甘肃1注,共6注。",2018-05-31,326938646
2018063,05,16,10,25,20,06,12,"河北1注,辽宁1注,上海1注,浙江5注,福建5注,山东2注,河南2注,湖北3注,湖南1注,广东1注,深圳1注,广西1注,四川1注,宁夏2注,共27注。",2018-06-03,358387608
2018064,11,21,05,17,10,02,05,"北京1注,河北1注,辽宁1注,浙江1注,山东1注,湖北1注,广东1注,深圳1注,广西2注,四川1注,甘肃1注,共12注。",2018-06-05,329557586
2018065,06,01,28,04,33,14,01,"北京1注,内蒙古1注,安徽1注,广东1注,四川2注,共6注。",2018-06-07,329937636
2018066,22,16,17,19,09,26,10,"浙江1注,江西5注,广东3注,四川1注,共10注。",2018-06-10,357968382
2018067,12,09,01,18,15,04,05,"北京1注,安徽1注,山东2注,海南1注,贵州1注,云南1注,新疆1注,共8注。",2018-06-12,324647042
2018068,08,10,17,30,20,27,01,"北京1注,湖南1注,广东1注,共3注。",2018-06-14,332649368
2018069,23,06,31,19,13,17,12,"浙江2注,广东1注,广西1注,重庆1注,共5注。",2018-06-17,355213336
2018070,04,19,16,27,09,15,10,"内蒙古1注,上海1注,安徽1注,江西2注,广西2注,宁夏6注,共13注。",2018-06-19,339461364
2018071,13,16,05,06,19,02,03,"黑龙江4注,江苏1注,浙江2注,安徽1注,重庆1注,共9注。",2018-06-21,348880396
2018072,16,22,25,19,11,30,08,"河北1注,内蒙古1注,黑龙江1注,浙江1注,安徽1注,山东1注,湖北2注,广东1注,广西5注,贵州1注,云南1注,陕西1注,新疆2注,共19注。",2018-06-24,372281494
2018073,09,23,02,15,16,14,10,"河北2注,内蒙古2注,江西3注,山东1注,共8注。",2018-06-26,329645754
2018074,30,27,09,20,11,14,09,"辽宁1注,黑龙江1注,江苏1注,浙江1注,安徽1注,山东2注,云南1注,陕西1注,共9注。",2018-06-28,327800026
2018075,09,22,13,24,07,12,11,"上海5注,江苏1注,山东1注,广东4注,广西1注,重庆1注,四川1注,陕西3注,共17注。",2018-07-01,356378720
2018076,30,03,29,15,07,08,13,"河北3注,辽宁4注,吉林1注,黑龙江2注,山东1注,河南1注,湖北2注,湖南2注,广东1注,深圳1注,海南1注,四川1注,贵州1注,云南1注,共22注。",2018-07-03,327873252
2018077,05,24,20,15,09,02,10,"河北2注,辽宁1注,浙江1注,广西1注,重庆1注,四川1注,共7注。",2018-07-05,327832004
2018078,10,18,03,30,14,17,12,"内蒙古1注,吉林1注,江苏1注,浙江2注,山东1注,共6注。",2018-07-08,358569878
2018079,17,15,29,22,24,14,13,"浙江1注,福建1注,共2注。",2018-07-10,327442428
2018080,33,20,04,13,07,29,03,"河北2注,浙江1注,湖南1注,广西1注,重庆1注,共6注。",2018-07-12,325310442
2018081,26,02,20,12,16,01,03,"山西1注,吉林1注,上海2注,陕西1注,共5注。",2018-07-15,349698540
2018082,20,22,14,24,12,06,09,"河北3注,浙江1注,河南3注,四川1注,共8注。",2018-07-17,319081284
2018083,33,04,32,18,09,21,03,"江苏2注,广东8注,云南1注,共11注。",2018-07-19,323565026
2018084,06,22,24,08,12,05,03,"北京1注,内蒙古1注,黑龙江1注,上海1注,福建1注,江西1注,山东2注,河南1注,湖北1注,广东1注,云南1注,甘肃1注,共13注。",2018-07-22,347865554
2018085,10,30,04,26,33,25,06,"天津1注,浙江1注,广西3注,重庆1注,云南2注,共8注。",2018-07-24,322576362
2018086,21,07,23,17,02,26,16,"江苏1注,浙江2注,安徽1注,湖北1注,广东2注,深圳10注,陕西1注,共18注。",2018-07-26,322631262
2018087,01,31,05,18,16,10,03,"重庆2注,甘肃1注,共3注。",2018-07-29,348603358
2018088,29,30,03,12,05,32,14,"山西1注,浙江1注,湖北1注,湖南1注,广东4注,共8注。",2018-07-31,315199378
2018089,06,27,18,12,09,14,14,"山西1注,江苏1注,浙江1注,重庆1注,陕西1注,共5注。",2018-08-02,312432712
2018090,04,10,01,23,02,14,07,"北京3注,辽宁3注,安徽1注,福建1注,江西1注,山东1注,湖南1注,云南1注,共12注。",2018-08-05,340370390
2018091,13,25,06,11,32,17,07,"北京1注,江苏1注,浙江2注,共4注。",2018-08-07,315853082
2018092,10,19,16,06,24,33,16,"天津1注,共1注。",2018-08-09,318819890
2018093,21,18,29,33,04,20,07,"上海1注,浙江1注,贵州1注,共3注。",2018-08-12,341609166
2018094,07,30,16,20,24,04,05,,2018-08-14,314204036
2018095,26,12,21,10,33,11,09,"辽宁2注,福建1注,广东1注,共4注。",2018-08-16,320539494
2018096,32,05,28,09,01,20,12,"上海1注,江苏1注,浙江1注,河南1注,广东3注,四川7注,贵州5注,云南1注,甘肃1注,青海1注,新疆1注,共23注。",2018-08-19,338691852
2018097,25,17,28,02,01,20,13,"广东1注,共1注。",2018-08-21,313501772
2018098,11,10,29,32,20,06,13,"山西2注,辽宁1注,江苏1注,安徽2注,福建1注,山东1注,重庆1注,共9注。",2018-08-23,314746902
2018099,03,32,14,08,07,25,06,"河北1注,山西2注,黑龙江1注,浙江1注,安徽1注,湖北1注,广东1注,四川2注,云南1注,新疆1注,共12注。",2018-08-26,339383254
2018100,02,15,29,14,11,33,02,"河北1注,山东1注,河南1注,共3注。",2018-08-28,309533260
2018101,29,33,01,03,14,26,09,"河北1注,浙江2注,广东2注,共5注。",2018-08-30,308676480
2018102,21,06,11,28,02,19,05,"浙江1注,福建1注,山东1注,四川1注,共4注。",2018-09-02,340812198
2018103,22,15,23,02,09,24,16,"吉林1注,福建1注,江西1注,山东2注,四川1注,新疆1注,共7注。",2018-09-04,314574584
2018104,25,06,03,02,29,19,01,"北京1注,辽宁1注,上海1注,山东1注,广东1注,共5注。",2018-09-06,312637426
2018105,25,13,18,04,05,19,01,"北京1注,上海1注,江苏3注,安徽2注,河南10注,共17注。",2018-09-09,343324268
2018106,19,18,26,24,04,25,10,"北京1注,辽宁2注,山东1注,共4注。",2018-09-11,312096980
2018107,12,20,02,01,22,05,01,"辽宁1注,浙江1注,江西1注,山东1注,广西2注,共6注。",2018-09-13,317508712
2018108,26,30,13,05,18,21,02,"北京1注,河北2注,上海5注,浙江1注,福建1注,山东1注,湖北6注,广西1注,四川1注,贵州1注,陕西1注,甘肃1注,共22注。",2018-09-16,322147946
2018109,31,23,11,10,33,18,15,"黑龙江1注,江苏1注,山东1注,四川1注,共4注。",2018-09-18,306989720
2018110,11,13,23,21,22,16,02,"吉林1注,重庆1注,共2注。",2018-09-20,307066624
2018111,14,24,28,07,01,25,08,"北京1注,辽宁1注,上海1注,浙江1注,江西1注,山东1注,河南1注,湖南1注,四川2注,陕西1注,共11注。",2018-09-23,320180512
2018112,18,26,08,31,25,05,04,"河北1注,辽宁1注,江苏1注,山东1注,湖南2注,四川1注,陕西1注,新疆3注,共11注。",2018-09-25,302328982
2018113,09,16,01,06,26,25,09,"北京1注,河北2注,江西5注,广东1注,深圳1注,云南1注,共11注。",2018-09-27,314160394
2018114,01,16,20,15,07,27,14,"天津1注,浙江1注,福建1注,四川1注,贵州1注,宁夏1注,共6注。",2018-09-30,336072030
2018115,26,01,24,29,13,19,11,"广东1注,共1注。",2018-10-02,273986534
2018116,17,22,05,14,23,28,15,"内蒙古5注,黑龙江1注,浙江4注,湖南30注,广西1注,重庆2注,陕西1注,共44注。",2018-10-04,281786404
2018117,08,15,17,25,23,11,05,"北京1注,江苏1注,山东1注,广东1注,四川2注,共6注。",2018-10-07,340052040
2018118,31,08,22,12,27,21,09,"浙江1注,湖北2注,广东1注,深圳1注,重庆1注,贵州1注,共7注。",2018-10-09,322015414
2018119,25,16,13,03,27,14,12,"河北2注,山西1注,黑龙江1注,湖南2注,广东1注,深圳1注,广西2注,共10注。",2018-10-11,328321394
2018120,33,04,03,26,27,18,01,"天津1注,河北2注,辽宁1注,湖北1注,共5注。",2018-10-14,357215818
2018121,25,14,19,06,23,08,11,"辽宁1注,浙江2注,江西1注,湖北1注,广东3注,广西1注,四川2注,共11注。",2018-10-16,321305376
2018122,32,05,30,22,20,07,10,"河北1注,山西1注,辽宁1注,黑龙江1注,江苏2注,浙江4注,安徽1注,福建2注,江西1注,山东1注,河南1注,湖南1注,广东1注,四川3注,贵州2注,云南4注,甘肃1注,青海1注,新疆2注,共31注。",2018-10-18,327644802
2018123,27,31,13,21,24,32,01,"河南1注,湖北1注,广东1注,贵州1注,云南1注,甘肃1注,共6注。",2018-10-21,410429482
2018124,09,13,22,19,14,25,02,"山东1注,湖南1注,广东1注,青海1注,共4注。",2018-10-23,378069006
2018125,11,32,03,14,10,15,02,"河北1注,内蒙古1注,辽宁1注,共3注。",2018-10-25,391293382
2018126,14,09,22,06,08,01,05,"安徽1注,湖南3注,贵州1注,云南2注,青海1注,共8注。",2018-10-28,415778246
2018127,05,11,07,15,02,06,12,"内蒙古1注,上海3注,浙江1注,安徽1注,福建2注,山东1注,湖南1注,广东1注,陕西1注,新疆1注,共13注。",2018-10-30,383266268
2018128,08,07,06,23,19,22,02,"内蒙古1注,辽宁2注,江苏1注,安徽1注,福建2注,山东1注,河南1注,广东1注,甘肃1注,共11注。",2018-11-01,388471822
2018129,04,18,19,06,02,16,16,"北京1注,辽宁1注,山东2注,河南1注,湖南1注,四川1注,共7注。",2018-11-04,418290398
2018130,05,24,28,12,17,18,12,"北京1注,山西1注,黑龙江1注,上海1注,江苏1注,浙江2注,山东2注,湖南2注,广东1注,海南1注,四川3注,陕西1注,共17注。",2018-11-06,374274632
2018131,33,31,21,22,24,32,01,"河北1注,浙江1注,共2注。",2018-11-08,383809176
2018132,15,09,01,10,02,22,06,"辽宁1注,黑龙江1注,浙江1注,河南1注,广东5注,贵州1注,云南2注,共12注。",2018-11-11,408709916
2018133,12,18,11,04,32,02,13,"广东1注,甘肃2注,共3注。",2018-11-13,374106026
2018134,31,03,33,32,16,18,12,"北京1注,辽宁1注,江苏1注,安徽1注,福建1注,江西1注,山东1注,河南1注,湖南1注,四川1注,贵州1注,共11注。",2018-11-15,377767366
2018135,01,29,06,10,03,11,16,"北京1注,山西1注,辽宁1注,河南1注,共4注。",2018-11-18,406719454
2018136,15,26,10,12,25,27,14,"河北2注,辽宁1注,湖北1注,广东1注,云南1注,共6注。",2018-11-20,377111910
2018137,23,20,11,15,05,03,09,"内蒙古1注,吉林1注,江苏6注,重庆1注,四川1注,共10注。",2018-11-22,379485292
2018138,32,25,10,01,30,27,09,"安徽1注,广东1注,陕西1注,共3注。",2018-11-25,412013682
2018139,23,32,31,20,11,18,15,"辽宁1注,江苏2注,山东3注,广东2注,深圳1注,陕西1注,共10注。",2018-11-27,380559364
2018140,25,15,22,28,20,01,14,,2018-11-29,386006162
2018141,18,16,14,33,11,24,04,"安徽1注,湖南1注,共2注。",2018-12-02,416166816
2018142,05,11,28,10,08,27,11,"河北1注,黑龙江2注,上海1注,浙江2注,福建1注,山东1注,湖南2注,广东1注,重庆1注,四川1注,贵州2注,甘肃1注,共16注。",2018-12-04,390581690
2018143,32,28,04,15,06,33,14,"河北1注,内蒙古1注,浙江3注,山东1注,河南1注,湖北5注,广东1注,重庆1注,四川2注,共16注。",2018-12-06,373157016
2018144,13,20,27,17,08,18,13,"天津1注,共1注。",2018-12-09,387956028
2018145,23,25,22,03,13,09,06,"辽宁1注,上海1注,浙江2注,安徽1注,福建1注,江西1注,湖北1注,湖南2注,广东2注,四川5注,云南3注,陕西1注,共21注。",2018-12-11,349376292
2018146,17,10,29,18,11,02,16,"北京1注,江苏2注,浙江4注,山东1注,湖北1注,广东3注,陕西1注,共13注。",2018-12-13,345409226
2018147,30,03,27,23,17,15,11,"辽宁2注,上海2注,江苏1注,福建1注,山东1注,湖南1注,广西1注,四川2注,共11注。",2018-12-16,378419434
2018148,18,21,19,03,06,31,01,"浙江3注,安徽1注,河南2注,广东3注,重庆1注,四川1注,共11注。",2018-12-18,346743178
2018149,01,08,07,24,10,12,01,"辽宁1注,黑龙江1注,江苏5注,浙江1注,广东1注,重庆1注,陕西2注,共12注。",2018-12-20,353364860
2018150,15,31,19,08,20,06,05,"河北1注,内蒙古1注,上海2注,江苏1注,浙江1注,安徽3注,山东1注,湖北1注,广东1注,广西1注,四川2注,共15注。",2018-12-23,377320206
2018151,19,29,26,15,05,25,15,"辽宁1注,福建1注,江西1注,河南1注,共4注。",2018-12-25,345353380
2018152,14,04,23,29,16,28,03,"山西2注,内蒙古1注,辽宁2注,吉林1注,上海2注,江苏1注,安徽2注,湖北1注,广西1注,四川1注,云南4注,西藏1注,甘肃1注,共20注。",2018-12-27,342935808
2018153,17,07,23,25,01,31,11,"上海2注,河南1注,湖北1注,共4注。",2018-12-30,363663410
2019001,32,33,13,15,06,10,15,"浙江1注,山东1注,深圳10注,重庆1注,云南1注,共14注。",2019-01-01,341453440
2019002,18,06,04,08,05,09,11,"北京1注,上海1注,河南5注,广东1注,四川1注,共9注。",2019-01-03,345144344
2019003,20,21,22,17,13,27,01,"上海1注,浙江1注,山东2注,陕西1注,共5注。",2019-01-06,373728002
2019004,08,26,32,16,12,19,03,"辽宁1注,江苏2注,河南1注,四川2注,贵州1注,新疆1注,共8注。",2019-01-08,338080388
2019005,28,22,31,32,21,26,07,"江苏3注,福建1注,江西1注,河南1注,广东2注,深圳2注,广西1注,共11注。",2019-01-10,343365078
2019006,01,10,19,26,28,05,12,"北京2注,山西1注,辽宁1注,黑龙江1注,江西1注,贵州1注,云南25注,共32注。",2019-01-13,375825296
2019007,15,23,06,14,10,19,15,"吉林1注,浙江1注,河南1注,湖北1注,广东1注,四川1注,云南2注,陕西1注,共9注。",2019-01-15,340543166
2019008,28,32,13,02,06,09,12,"山东1注,广东1注,重庆1注,四川1注,共4注。",2019-01-17,342498692
2019009,22,31,01,10,07,32,15,"辽宁1注,山东1注,湖南1注,广东8注,广西1注,共12注。",2019-01-20,376873348
2019010,11,08,02,30,05,04,02,"北京2注,河北1注,山西2注,黑龙江1注,山东3注,河南1注,广东3注,广西1注,重庆1注,共15注。",2019-01-22,336769874
2019011,19,13,30,10,24,21,07,"河北2注,辽宁1注,河南1注,共4注。",2019-01-24,340431350
2019012,33,07,23,31,10,21,14,"黑龙江2注,共2注。",2019-01-27,370443836
2019013,05,07,16,18,21,14,01,"黑龙江1注,浙江1注,河南1注,陕西1注,共4注。",2019-01-29,332648408
2019014,19,14,01,02,33,03,03,"辽宁3注,江苏1注,河南1注,广东2注,共7注。",2019-01-31,327526362
2019015,15,31,24,20,16,11,04,"山西5注,辽宁1注,黑龙江2注,江苏1注,江西1注,山东1注,广西1注,四川1注,共13注。",2019-02-03,386508326
2019016,11,05,09,07,25,19,05,"河北1注,内蒙古1注,山东1注,河南1注,广东1注,四川1注,云南5注,共11注。",2019-02-12,314659700
2019017,24,05,04,30,28,33,09,"辽宁1注,上海1注,云南1注,共3注。",2019-02-14,312764888
2019018,19,32,18,04,26,11,04,"江苏1注,浙江1注,安徽2注,广东2注,广西1注,四川1注,共8注。",2019-02-17,349743310
2019019,11,25,03,17,18,24,06,"北京2注,天津1注,河北1注,上海1注,江苏3注,浙江1注,福建1注,江西1注,山东5注,河南1注,湖北2注,广东2注,陕西1注,宁夏1注,新疆1注,共24注。",2019-02-19,326400930
2019020,12,02,27,28,13,23,12,"上海1注,浙江1注,河南1注,湖北3注,湖南1注,广东1注,贵州1注,云南1注,新疆1注,共11注。",2019-02-21,330603914
2019021,08,05,07,27,02,20,04,"天津2注,河南1注,湖北1注,四川1注,陕西1注,共6注。",2019-02-24,370839306
2019022,30,21,33,03,11,07,07,"江苏3注,安徽2注,江西1注,山东5注,广东5注,广西1注,重庆1注,四川1注,共19注。",2019-02-26,338829860
2019023,10,31,14,01,15,18,13,"内蒙古1注,黑龙江1注,江苏1注,浙江4注,安徽1注,河南1注,湖南1注,四川2注,甘肃1注,共13注。",2019-02-28,353488994
2019024,23,29,28,08,25,01,10,"天津1注,上海1注,浙江1注,湖南1注,四川1注,陕西2注,宁夏1注,共8注。",2019-03-03,384117562
2019025,21,33,15,16,27,30,04,"辽宁2注,黑龙江1注,湖南1注,广西1注,共5注。",2019-03-05,345714892
2019026,27,03,19,13,15,20,14,"北京1注,内蒙古1注,安徽3注,江西1注,广东1注,深圳1注,四川1注,陕西1注,共10注。",2019-03-07,349411720
2019027,06,10,11,08,02,17,13,"山东2注,湖南1注,广东5注,贵州1注,共9注。",2019-03-10,393236612
2019028,29,30,26,04,22,19,11,"河北1注,福建3注,山东1注,河南1注,湖南1注,重庆1注,云南1注,宁夏2注,共11注。",2019-03-12,356878622
2019029,32,17,33,23,08,11,10,"内蒙古1注,浙江1注,福建1注,山东1注,湖北1注,甘肃1注,共6注。",2019-03-14,358515950
2019030,10,04,22,05,12,07,16,"山西1注,吉林1注,浙江2注,安徽1注,福建2注,山东1注,河南2注,湖北2注,湖南2注,广东1注,云南1注,陕西1注,共17注。",2019-03-17,392415448
2019031,18,21,15,13,03,33,16,"江苏2注,重庆3注,共5注。",2019-03-19,358344316
2019032,13,08,33,28,09,04,04,"上海1注,江苏2注,广东1注,贵州1注,青海1注,共6注。",2019-03-21,353034100
2019033,15,21,29,23,19,09,15,"山西1注,江苏1注,浙江1注,河南3注,深圳11注,四川4注,陕西1注,共22注。",2019-03-24,385168218
2019034,11,09,26,24,22,15,03,"北京1注,河北1注,辽宁3注,上海1注,福建2注,山东1注,河南1注,共10注。",2019-03-26,354652922
2019035,01,09,05,20,10,07,16,"北京2注,河北1注,黑龙江2注,上海1注,江西1注,山东1注,广东1注,深圳1注,广西1注,共11注。",2019-03-28,354951028
2019036,23,10,13,02,32,16,08,"天津1注,河北3注,辽宁1注,吉林1注,上海6注,浙江1注,安徽1注,河南2注,湖北1注,湖南2注,广东1注,陕西1注,共21注。",2019-03-31,383547756
2019037,18,01,14,25,07,12,10,"江苏1注,浙江5注,山东2注,河南1注,广东2注,云南1注,共12注。",2019-04-02,344923376
2019038,21,30,12,09,27,29,05,"上海1注,浙江2注,湖北1注,重庆1注,四川2注,陕西1注,宁夏2注,共10注。",2019-04-04,335328036
2019039,07,27,11,32,06,14,08,"江苏3注,浙江5注,广西1注,陕西2注,共11注。",2019-04-07,363128750
2019040,23,05,09,18,31,06,11,"北京2注,黑龙江1注,江西1注,河南2注,广东1注,云南1注,共8注。",2019-04-09,335974062
2019041,26,13,02,24,09,23,16,"江西1注,河南1注,共2注。",2019-04-11,347145834
2019042,22,25,26,15,19,17,04,"河北1注,山西1注,福建1注,山东1注,共4注。",2019-04-14,376134240
2019043,01,13,32,06,12,24,13,"山东1注,湖北1注,共2注。",2019-04-16,345296562
2019044,23,16,17,29,14,06,07,"天津1注,浙江4注,安徽1注,湖南1注,广东1注,深圳2注,广西1注,宁夏1注,共12注。",2019-04-18,350579948
2019045,31,01,27,06,17,19,14,"辽宁1注,江苏1注,广东3注,深圳1注,甘肃1注,共7注。",2019-04-21,380577960
2019046,02,16,12,32,25,22,06,"天津1注,黑龙江1注,上海5注,浙江1注,山东1注,河南3注,湖北1注,广东2注,海南1注,新疆1注,共17注。",2019-04-23,349236650
2019047,18,25,03,11,30,33,14,"广东1注,共1注。",2019-04-25,349665886
2019048,29,18,03,07,10,12,10,"河北1注,江苏3注,湖南1注,广东3注,共8注。",2019-04-28,379210874
2019049,23,13,03,28,22,10,15,"北京1注,天津1注,黑龙江1注,浙江2注,河南2注,湖北1注,新疆1注,共9注。",2019-04-30,333775314
2019050,04,10,11,21,06,23,02,"辽宁1注,吉林1注,上海1注,安徽1注,河南1注,广东4注,深圳3注,云南1注,共13注。",2019-05-02,311858860
2019051,10,15,09,28,08,13,09,"山西1注,内蒙古1注,吉林1注,黑龙江1注,江苏1注,安徽1注,福建1注,河南1注,湖北1注,广东1注,重庆1注,西藏1注,新疆1注,共13注。",2019-05-05,371316762
2019052,09,03,16,19,06,13,16,"北京2注,天津12注,河北1注,山西3注,内蒙古2注,辽宁1注,黑龙江2注,上海5注,江苏3注,浙江26注,安徽3注,福建6注,江西3注,山东7注,河南5注,湖北23注,湖南3注,广东11注,深圳3注,广西1注,重庆1注,四川2注,贵州3注,云南7注,陕西16注,甘肃2注,共153注。",2019-05-07,342251970
2019053,22,31,16,04,25,29,08,"内蒙古1注,上海5注,江苏1注,湖北1注,四川4注,共12注。",2019-05-09,345533966
2019054,15,26,07,10,24,11,11,"北京1注,吉林1注,山东1注,湖北1注,湖南1注,广东1注,贵州2注,共8注。",2019-05-12,376075414
2019055,31,06,01,19,15,11,10,"河南1注,广东1注,共2注。",2019-05-14,350070872
2019056,19,21,14,13,17,29,01,"江西1注,共1注。",2019-05-16,351267630
2019057,18,04,13,05,06,08,16,"黑龙江2注,上海1注,湖南1注,深圳1注,四川1注,陕西1注,共7注。",2019-05-19,372560948
2019058,07,12,08,27,21,23,12,"河北1注,黑龙江1注,上海1注,江苏4注,浙江1注,安徽2注,福建3注,山东1注,湖北1注,广东1注,广西1注,四川1注,云南1注,陕西1注,共20注。",2019-05-21,339299672
2019059,09,05,18,16,04,07,06,"湖北1注,广西1注,共2注。",2019-05-23,345567246
2019060,14,20,03,27,23,04,01,"河南1注,广东1注,共2注。",2019-05-26,367103342
2019061,27,17,19,24,03,31,12,"北京1注,安徽1注,重庆2注,四川1注,陕西1注,共6注。",2019-05-28,335296666
2019062,30,07,26,16,23,13,01,"上海1注,江苏3注,浙江1注,湖北1注,新疆1注,共7注。",2019-05-30,339468976
2019063,01,14,29,22,31,19,16,"黑龙江1注,河南1注,湖北2注,海南1注,共5注。",2019-06-02,361222550
2019064,25,20,33,12,24,30,12,"上海1注,浙江1注,广西1注,贵州1注,共4注。",2019-06-04,331639006
2019065,06,15,26,20,11,09,10,"北京2注,河北1注,辽宁1注,江苏1注,湖北1注,深圳1注,贵州1注,云南2注,共10注。",2019-06-06,327400036
2019066,14,20,17,22,01,32,04,"内蒙古1注,山东1注,河南2注,广西1注,云南1注,共6注。",2019-06-09,354505682
2019067,04,08,33,06,30,11,11,"北京1注,辽宁1注,江苏2注,湖南1注,共5注。",2019-06-11,330381956
2019068,20,26,33,24,03,14,10,"山西1注,黑龙江1注,广东2注,四川1注,甘肃1注,共6注。",2019-06-13,331635522
2019069,21,11,06,25,19,16,01,"辽宁1注,浙江1注,福建1注,江西1注,湖北1注,广东1注,四川1注,云南1注,共8注。",2019-06-16,370103190
2019070,18,15,19,32,24,06,09,"浙江1注,重庆1注,四川1注,共3注。",2019-06-18,335727814
2019071,29,08,01,24,19,30,04,"山西1注,上海1注,浙江4注,河南5注,湖北1注,广西2注,重庆3注,四川4注,贵州1注,共22注。",2019-06-20,338921834
2019072,13,09,22,30,15,02,15,"河北1注,浙江1注,江西2注,山东1注,湖南3注,广东1注,深圳1注,共10注。",2019-06-23,366310328
2019073,12,18,16,01,02,06,08,"河北2注,山西1注,内蒙古1注,江苏1注,山东1注,河南1注,湖北1注,深圳2注,广西3注,重庆2注,贵州1注,陕西1注,共17注。",2019-06-25,334373706
2019074,33,29,21,12,31,27,04,"河北1注,上海1注,安徽1注,陕西1注,共4注。",2019-06-27,339313032
2019075,33,20,05,08,31,22,03,"福建1注,广东1注,共2注。",2019-06-30,356452390
2019076,12,20,15,29,32,19,14,"深圳3注,四川1注,共4注。",2019-07-02,327737064
2019077,22,11,18,13,21,09,15,"浙江1注,共1注。",2019-07-04,331156004
2019078,01,29,27,33,31,17,12,"北京1注,黑龙江1注,江苏6注,浙江1注,山东1注,广东2注,云南2注,共14注。",2019-07-07,358699764
2019079,01,31,09,03,19,06,16,"上海10注,江苏1注,福建1注,江西1注,山东1注,四川1注,共15注。",2019-07-09,324952306
2019080,03,06,08,32,24,20,07,"河北2注,辽宁1注,浙江1注,安徽1注,山东1注,深圳1注,共7注。",2019-07-11,333601616
2019081,27,32,05,31,24,29,10,"江苏1注,山东1注,广东2注,重庆1注,共5注。",2019-07-14,359862504
2019082,19,28,22,07,16,24,02,"河北1注,辽宁1注,安徽1注,广东2注,共5注。",2019-07-16,328221990
2019083,06,31,15,28,26,17,03,"河北1注,江苏5注,浙江1注,安徽1注,贵州2注,共10注。",2019-07-18,329029762
2019084,04,27,14,20,08,18,03,"内蒙古1注,浙江1注,安徽1注,山东11注,河南1注,共15注。",2019-07-21,356282880
2019085,01,04,18,29,24,14,04,"河北1注,江苏2注,山东5注,湖北1注,广东1注,陕西2注,共12注。",2019-07-23,322387974
2019086,26,31,22,24,28,16,06,"天津1注,江苏1注,福建1注,江西1注,广东1注,深圳4注,甘肃1注,青海1注,共11注。",2019-07-25,318423888
2019087,07,21,30,04,09,05,04,"上海4注,安徽1注,共5注。",2019-07-28,348495228
2019088,21,29,14,15,23,13,13,"黑龙江1注,江苏3注,浙江3注,山东1注,湖南1注,广东7注,四川1注,云南1注,共18注。",2019-07-30,320442344
2019089,02,14,20,04,16,22,11,"辽宁1注,安徽1注,湖北3注,湖南1注,广西1注,共7注。",2019-08-01,321183320
2019090,08,02,06,14,03,22,04,"辽宁1注,广东1注,共2注。",2019-08-04,355808718
2019091,24,21,32,10,29,07,11,"深圳1注,重庆1注,共2注。",2019-08-06,321773688
2019092,33,27,32,09,28,17,08,"北京1注,江苏1注,浙江1注,湖南1注,广东1注,重庆1注,共6注。",2019-08-08,325113036
2019093,22,08,05,20,09,07,02,"北京2注,河北1注,内蒙古1注,辽宁2注,吉林1注,上海1注,江苏1注,浙江3注,安徽2注,福建1注,山东3注,河南5注,湖北2注,广西1注,甘肃1注,共27注。",2019-08-11,343851622
2019094,10,27,12,05,19,18,06,"江苏1注,浙江2注,江西2注,广东1注,深圳1注,陕西1注,共8注。",2019-08-13,318739184
2019095,14,28,02,05,19,21,01,"辽宁2注,广东1注,共3注。",2019-08-15,327102912
2019096,27,18,07,05,12,32,11,"河北1注,山西25注,辽宁1注,江西1注,山东1注,河南3注,广东2注,广西1注,重庆1注,四川11注,甘肃1注,共48注。",2019-08-18,355103324
2019097,18,03,25,05,31,24,09,"辽宁1注,广东2注,陕西1注,新疆1注,共5注。",2019-08-20,328319954
2019098,14,11,03,12,17,26,09,"辽宁1注,黑龙江1注,浙江1注,湖南1注,共4注。",2019-08-22,334187522
2019099,22,23,30,14,27,07,08,"吉林16注,黑龙江1注,安徽3注,江西1注,山东1注,广东1注,四川2注,宁夏1注,共26注。",2019-08-25,355328056
2019100,01,30,32,04,13,12,08,"浙江1注,湖北1注,共2注。",2019-08-27,334319180
2019101,21,31,01,09,04,33,05,"山西1注,辽宁2注,广东1注,共4注。",2019-08-29,336008906
2019102,03,32,16,08,20,12,12,"河北1注,江苏1注,江西1注,湖南1注,广东1注,重庆1注,四川1注,云南10注,新疆1注,共18注。",2019-09-01,365310214
2019103,21,27,14,04,29,12,12,"黑龙江1注,云南1注,共2注。",2019-09-03,334444954
2019104,24,01,16,05,17,18,10,"内蒙古1注,浙江1注,福建1注,山东1注,广东1注,云南1注,甘肃1注,共7注。",2019-09-05,336503558
2019105,17,33,26,13,15,02,01,"山西5注,辽宁1注,共6注。",2019-09-08,365092568
2019106,22,14,33,30,27,02,14,"北京1注,安徽1注,山东1注,共3注。",2019-09-10,330410652
2019107,06,08,02,32,23,27,02,"黑龙江1注,广西1注,共2注。",2019-09-12,326852234
2019108,19,32,13,25,22,07,13,"河北3注,山西1注,黑龙江1注,上海1注,浙江1注,安徽1注,山东1注,湖南3注,云南1注,共13注。",2019-09-15,361553454
2019109,28,07,06,17,31,03,10,"江苏1注,福建1注,湖南2注,广西1注,共5注。",2019-09-17,339057352
2019110,28,26,18,22,01,27,08,"北京2注,浙江1注,安徽1注,山东1注,深圳2注,重庆1注,共8注。",2019-09-19,345297696
2019111,22,24,20,33,07,18,01,"北京3注,广东3注,共6注。",2019-09-22,371095278
2019112,03,17,23,14,27,12,01,"吉林1注,江苏2注,山东1注,广东1注,新疆1注,共6注。",2019-09-24,335430712
2019113,01,25,33,19,05,21,15,"浙江2注,河南1注,广东1注,四川1注,共5注。",2019-09-26,339648916
2019114,11,12,30,09,04,02,01,"江苏2注,湖南1注,云南1注,共4注。",2019-09-29,372847052
2019115,11,14,29,15,10,04,05,"北京1注,河北1注,辽宁1注,上海1注,山东1注,湖北1注,重庆1注,陕西1注,共8注。",2019-10-08,354033692
2019116,33,09,13,08,16,01,01,"辽宁1注,江苏1注,河南1注,深圳1注,重庆1注,四川1注,云南1注,共7注。",2019-10-10,336502106
2019117,05,33,11,28,03,32,01,"北京1注,福建1注,广东1注,四川1注,陕西1注,共5注。",2019-10-13,358734764
2019118,15,25,12,31,28,14,04,"天津1注,山西1注,黑龙江1注,上海1注,浙江1注,湖北1注,共6注。",2019-10-15,329400746
2019119,04,22,26,24,20,33,07,"江苏2注,安徽1注,四川5注,甘肃1注,共9注。",2019-10-17,332545590
2019120,31,10,32,33,12,27,03,"浙江1注,福建1注,山东1注,重庆1注,青海1注,共5注。",2019-10-20,361613906
2019121,31,21,02,30,06,15,02,"河北5注,浙江1注,安徽1注,山东1注,湖南1注,四川5注,新疆1注,共15注。",2019-10-22,334748934
2019122,04,21,19,10,15,23,02,"河北1注,浙江1注,山东1注,湖北1注,共4注。",2019-10-24,334989390
2019123,06,17,02,28,08,30,06,"山西3注,福建1注,江西1注,河南2注,湖北1注,广东3注,广西4注,重庆1注,四川1注,云南1注,宁夏1注,共19注。",2019-10-27,360609038
2019124,32,09,31,33,04,30,01,"北京1注,天津1注,河北1注,福建2注,山东4注,河南1注,湖北1注,陕西2注,甘肃1注,共14注。",2019-10-29,337939626
2019125,29,27,02,12,26,11,03,"河北1注,浙江5注,广东1注,四川1注,共8注。",2019-10-31,342491160
2019126,14,17,33,02,29,32,16,"河北1注,黑龙江1注,上海1注,山东1注,湖北1注,广东1注,云南1注,甘肃1注,共8注。",2019-11-03,369776508
2019127,02,07,24,12,17,06,10,"河北1注,江苏1注,江西1注,山东2注,河南1注,湖北2注,深圳1注,广西3注,重庆1注,四川1注,云南1注,共15注。",2019-11-05,338393664
2019128,16,03,12,17,08,19,08,"北京1注,内蒙古1注,福建1注,江西1注,湖北1注,甘肃1注,新疆3注,共9注。",2019-11-07,342336168
2019129,15,03,04,07,26,09,07,"北京6注,河北1注,辽宁1注,上海3注,浙江4注,山东2注,四川1注,贵州1注,陕西1注,共20注。",2019-11-10,442669038
2019130,09,32,11,01,24,07,16,"河北2注,内蒙古1注,江西5注,河南1注,湖南1注,四川5注,共15注。",2019-11-12,418172282
2019131,24,09,31,17,19,20,04,"浙江1注,福建1注,江西1注,河南4注,湖北1注,湖南1注,广东2注,新疆1注,共12注。",2019-11-14,413548024
2019132,19,04,11,06,14,33,07,"北京1注,浙江1注,江西2注,广东2注,四川1注,共7注。",2019-11-17,443878462
2019133,07,03,16,24,31,21,07,"辽宁1注,上海1注,江苏1注,山东2注,湖南2注,深圳1注,贵州1注,宁夏1注,共10注。",2019-11-19,412973230
2019134,30,22,06,01,04,29,03,"天津2注,辽宁1注,黑龙江1注,福建2注,贵州1注,共7注。",2019-11-21,424644500
2019135,27,06,11,10,33,03,03,"江苏1注,福建2注,河南1注,共4注。",2019-11-24,448749008
2019136,29,33,15,12,17,14,12,"福建1注,山东2注,湖南1注,广东2注,甘肃1注,共7注。",2019-11-26,411048748
2019137,31,23,07,10,19,13,06,"北京1注,天津1注,内蒙古4注,辽宁2注,吉林2注,黑龙江2注,上海2注,江苏1注,浙江3注,安徽1注,福建1注,江西2注,湖北1注,深圳1注,重庆1注,四川1注,甘肃1注,共27注。",2019-11-28,414318454
2019138,06,32,31,30,02,12,11,"北京1注,河北3注,山西1注,内蒙古1注,上海2注,江西1注,河南1注,重庆2注,贵州1注,甘肃1注,宁夏1注,共15注。",2019-12-01,455574142
2019139,33,08,20,23,30,14,11,"辽宁1注,浙江1注,安徽1注,重庆1注,共4注。",2019-12-03,420684332
2019140,11,09,04,22,02,14,05,"北京5注,河北1注,山西1注,辽宁1注,吉林1注,黑龙江1注,浙江4注,江西1注,山东1注,湖北1注,广东2注,深圳1注,四川3注,陕西2注,共25注。",2019-12-05,421874374
2019141,33,17,13,15,10,14,14,"山东2注,共2注。",2019-12-08,466103236
2019142,24,27,29,08,33,14,09,"河北1注,江苏1注,浙江1注,福建5注,广西1注,新疆5注,共14注。",2019-12-10,429455474
2019143,32,13,05,26,15,16,09,"内蒙古1注,上海2注,江西1注,河南1注,湖北2注,重庆2注,四川2注,共11注。",2019-12-12,421054466
2019144,02,30,19,15,12,27,03,"天津2注,辽宁1注,江苏2注,浙江2注,广东2注,深圳1注,重庆1注,云南1注,新疆1注,共13注。",2019-12-15,448943976
2019145,13,08,17,01,18,19,16,"北京1注,辽宁1注,黑龙江2注,上海1注,江苏1注,浙江2注,安徽1注,重庆2注,贵州1注,云南1注,甘肃2注,共15注。",2019-12-17,404721396
2019146,12,10,01,30,04,32,14,"河北1注,浙江1注,陕西2注,共4注。",2019-12-19,400822952
2019147,23,12,27,01,14,09,12,"河北4注,内蒙古1注,深圳1注,陕西1注,甘肃2注,新疆1注,共10注。",2019-12-22,428843148
2019148,26,10,09,13,27,20,08,"河北1注,山西3注,吉林1注,黑龙江1注,上海4注,江苏1注,浙江6注,安徽1注,山东4注,河南2注,湖北1注,湖南1注,广东5注,四川3注,贵州3注,云南2注,陕西1注,青海1注,宁夏1注,共42注。",2019-12-24,412835082
2019149,06,27,28,31,01,33,07,"北京1注,江苏1注,浙江6注,福建1注,湖南1注,广东1注,深圳1注,四川1注,云南1注,陕西2注,共16注。",2019-12-26,401837358
2019150,22,02,14,27,29,09,02,"安徽1注,山东1注,广东1注,深圳5注,陕西1注,共9注。",2019-12-29,424037140
2019151,18,02,26,06,09,24,14,"辽宁1注,吉林1注,福建1注,湖南1注,深圳2注,广西1注,青海1注,共8注。",2019-12-31,405999712
2020001,15,26,02,29,30,23,02,"河南1注,湖北1注,四川2注,共4注。",2020-01-02,388311860
2020002,29,15,14,04,16,09,11,"北京1注,天津1注,河北1注,山西1注,辽宁1注,江苏1注,安徽1注,山东2注,广东2注,重庆2注,贵州1注,云南2注,共16注。",2020-01-05,410784878
2020003,09,30,32,17,26,29,03,"江苏1注,浙江12注,湖北1注,湖南1注,云南1注,共16注。",2020-01-07,368960938
2020004,27,15,02,32,17,33,03,"山西1注,浙江2注,山东1注,广东1注,广西1注,云南1注,共7注。",2020-01-09,370826158
2020005,22,11,26,32,16,17,04,"河北3注,安徽1注,江西1注,湖北2注,广西1注,共8注。",2020-01-12,400642476
2020006,10,04,05,16,03,32,09,"浙江12注,河南1注,广东1注,广西1注,重庆1注,四川4注,共20注。",2020-01-14,361697316
2020007,17,25,20,12,31,05,10,"天津1注,河北1注,吉林1注,上海6注,江苏1注,浙江1注,安徽15注,江西1注,湖北2注,广东1注,深圳2注,广西4注,四川1注,云南1注,共38注。",2020-01-16,358035962
2020008,10,01,11,06,28,04,16,"河北4注,山西1注,辽宁1注,江苏1注,福建2注,山东1注,河南2注,湖南1注,四川1注,贵州1注,新疆2注,共17注。",2020-01-19,395048088
2020009,08,06,14,19,26,03,12,"北京6注,辽宁1注,上海1注,江苏2注,山东2注,广东1注,重庆1注,四川2注,共16注。",2020-01-21,405733380
2020010,14,22,32,11,31,27,09,,2020-03-12,142522854
2020011,07,05,04,29,17,18,01,,2020-03-15,176331724
2020012,31,14,23,04,26,13,09,,2020-03-17,198501652
2020013,08,20,30,02,21,10,14,,2020-03-19,215545590
2020014,12,02,08,10,07,16,07,,2020-03-22,261933168
2020015,09,08,30,22,24,33,01,,2020-03-24,255551054
2020016,17,08,24,06,05,27,07,,2020-03-26,260860736
2020017,07,27,15,04,20,02,04,,2020-03-29,295712918
2020018,07,05,11,17,22,08,13,,2020-03-31,287194532
2020019,28,19,27,33,30,15,03,,2020-04-02,293920314
2020020,13,01,09,06,15,22,14,,2020-04-05,310764432
2020021,16,27,02,14,31,06,07,,2020-04-07,296655800
2020022,10,20,02,22,25,30,02,,2020-04-09,311416184
2020023,30,33,04,20,05,21,08,,2020-04-12,340318270
2020024,10,28,13,27,31,29,08,,2020-04-14,317568426
2020025,15,20,29,01,09,10,02,,2020-04-16,321611812
2020026,31,19,01,09,04,18,06,,2020-04-19,349633986
2020027,25,14,24,12,28,13,06,,2020-04-21,324196702
2020028,32,15,05,06,18,26,08,,2020-04-23,323795596
2020029,12,01,18,20,30,32,05,,2020-04-26,364268814
2020030,18,30,29,17,21,32,03,,2020-04-28,327786632
2020031,09,16,05,15,02,27,09,,2020-04-30,323903392
2020032,15,13,14,03,11,26,13,,2020-05-03,338904002
2020033,12,07,10,32,21,31,01,,2020-05-05,320555362
2020034,32,08,16,26,02,15,03,,2020-05-07,340793680
2020035,14,25,33,28,10,24,11,,2020-05-10,371811232
2020036,22,32,09,07,16,24,06,,2020-05-12,346455736
2020037,01,17,24,04,13,11,15,,2020-05-14,350126486
2020038,24,01,18,23,06,07,15,,2020-05-17,374760420
2020039,29,02,16,10,09,11,02,,2020-05-19,341609556
2020040,19,12,06,21,16,01,04,,2020-05-21,341533118
2020041,22,07,25,06,24,16,13,,2020-05-24,372422582
2020042,07,02,31,11,14,06,03,,2020-05-26,345472844
2020043,24,30,01,11,25,27,07,,2020-05-28,360394276
2020044,08,24,17,07,16,19,07,,2020-05-31,379328476
2020045,33,02,03,22,21,15,16,,2020-06-02,348295556
2020046,26,32,27,13,25,19,08,,2020-06-04,350122868
2020047,32,10,28,19,17,04,01,,2020-06-07,382084220
2020048,30,32,23,18,14,12,02,,2020-06-09,351604616
2020049,22,01,12,18,09,07,04,,2020-06-11,355402476
2020050,09,04,32,17,20,33,15,,2020-06-14,379409292
2020051,03,08,06,28,11,19,08,,2020-06-16,342968302
2020052,29,13,33,02,32,08,15,,2020-06-18,352815504
2020053,14,16,32,15,33,02,01,,2020-06-21,381666534
2020054,31,25,03,26,10,19,02,,2020-06-23,338817016
2020055,05,23,07,01,28,30,12,,2020-06-25,327140694
2020056,31,08,05,02,12,26,14,,2020-06-28,380233782
2020057,14,26,23,09,21,32,03,,2020-06-30,349147892
2020058,11,01,03,12,26,19,07,,2020-07-02,356052050
2020059,10,25,17,04,02,22,14,,2020-07-05,386807160
2020060,05,14,09,24,30,20,08,,2020-07-07,356937202
2020061,27,31,24,26,17,08,04,,2020-07-09,366447904
2020062,22,17,10,26,27,14,05,,2020-07-12,391827962
2020063,29,15,12,22,16,32,14,,2020-07-14,357076054
2020064,03,32,21,01,27,07,01,,2020-07-16,356057386
2020065,23,21,15,26,09,18,08,,2020-07-19,381062334
2020066,17,26,28,09,13,02,07,,2020-07-21,352149702
2020067,23,04,30,09,07,27,08,,2020-07-23,353153516
2020068,26,12,32,21,16,27,10,,2020-07-26,376630286
2020069,03,09,13,18,10,26,04,,2020-07-28,343151528
2020070,04,21,02,01,06,19,15,,2020-07-30,343442594
2020071,12,09,22,23,11,13,08,,2020-08-02,363190440
2020072,10,26,17,15,06,08,04,,2020-08-04,335806408
2020073,29,05,13,07,27,11,03,,2020-08-06,344984126
2020074,04,19,09,33,08,13,12,,2020-08-09,375478220
2020075,30,11,13,03,20,24,16,,2020-08-11,342593198
2020076,10,18,27,16,15,20,06,,2020-08-13,346015916
2020077,03,21,27,25,10,16,12,,2020-08-16,376430570
2020078,16,11,21,32,14,03,04,,2020-08-18,339766446
2020079,20,21,12,22,29,05,14,,2020-08-20,347031342
2020080,18,33,31,14,15,22,01,,2020-08-23,375199530
2020081,01,13,14,05,27,33,15,,2020-08-25,341884184
2020082,11,30,21,17,02,08,09,,2020-08-27,339738944
2020083,01,31,26,30,19,25,12,,2020-08-30,375628538
2020084,07,03,17,16,23,30,07,,2020-09-01,340223360
2020085,19,01,24,02,09,05,16,,2020-09-03,349243256
2020086,24,02,27,06,15,04,06,,2020-09-06,383150704
2020087,33,23,15,20,25,11,10,,2020-09-08,351393474
2020088,26,12,29,01,30,06,12,,2020-09-10,359763320
2020089,21,30,16,02,29,14,10,,2020-09-13,388734662
2020090,31,26,23,02,32,21,06,,2020-09-15,357200726
2020091,19,11,12,09,16,01,16,,2020-09-17,362307424
2020092,18,12,01,24,06,22,03,,2020-09-20,394714558
2020093,04,19,15,10,05,13,15,,2020-09-22,364874692
2020094,31,29,17,27,10,15,08,,2020-09-24,357043412
2020095,26,09,03,17,20,16,02,,2020-09-27,387062108
2020096,26,27,20,32,23,01,15,,2020-09-29,356787262
2020097,08,30,26,25,21,02,10,,2020-10-06,352372566
2020098,06,33,08,11,25,22,02,,2020-10-08,347585130
2020099,05,06,30,15,12,11,12,,2020-10-11,390640850
2020100,07,15,01,16,23,20,07,,2020-10-13,352785364
2020101,28,25,10,17,24,30,15,,2020-10-15,360073112
2020102,29,09,25,10,19,26,08,,2020-10-18,385810668
2020103,09,32,04,22,28,10,08,,2020-10-20,363566614
2020104,04,10,27,16,08,29,09,,2020-10-22,371069028
2020105,19,06,20,24,14,22,01,,2020-10-25,399513718
2020106,15,04,02,28,18,11,10,,2020-10-27,362151946
2020107,03,09,11,25,24,28,16,,2020-10-29,372099740
2020108,32,15,17,12,10,23,05,,2020-11-01,398129794
2020109,06,13,16,20,23,32,13,,2020-11-03,358593188
2020110,25,14,06,02,22,09,04,,2020-11-05,365150166
2020111,17,06,22,24,26,09,16,,2020-11-08,459469274
2020112,02,28,12,32,09,17,05,,2020-11-10,426910448
2020113,22,32,07,03,10,01,11,,2020-11-12,436471868
2020114,24,30,32,01,05,11,03,,2020-11-15,476450128
2020115,20,32,25,12,04,01,02,,2020-11-17,435736254
2020116,05,06,27,14,16,19,10,,2020-11-19,434234564
2020117,09,16,07,10,08,27,07,,2020-11-22,460145954
2020118,26,11,30,19,13,33,05,,2020-11-24,419968358
2020119,33,01,28,09,22,32,15,,2020-11-26,432978556
2020120,10,04,02,03,01,09,12,,2020-11-29,470788664
2020121,04,02,21,06,25,29,03,,2020-12-01,425615038
2020122,26,17,12,24,31,15,15,,2020-12-03,416050434
2020123,19,29,18,26,01,03,03,,2020-12-06,442277628
2020124,33,29,19,20,18,16,12,,2020-12-08,394367604
2020125,30,12,16,26,05,31,13,,2020-12-10,403248064
2020126,14,07,28,23,03,12,11,,2020-12-13,423827948
2020127,01,26,18,19,04,31,07,,2020-12-15,385288238
2020128,23,16,26,08,15,10,10,,2020-12-17,395094864
2020129,15,01,02,33,28,05,04,,2020-12-20,428354318
2020130,09,11,14,08,29,17,16,,2020-12-22,405085034
2020131,19,08,22,30,27,26,07,,2020-12-24,394370394
2020132,12,14,01,23,11,04,04,,2020-12-27,425174496
2020133,23,03,27,19,22,29,07,,2020-12-29,370330222
2020134,09,10,22,02,20,26,01,,2020-12-31,399565532
2021001,13,18,02,20,03,31,11,,2021-01-03,411170524
2021002,10,32,25,06,26,13,11,,2021-01-05,374374440
2021003,22,16,29,06,18,09,11,,2021-01-07,360514540
2021004,08,02,07,22,03,17,15,,2021-01-10,396531778
2021005,14,07,09,30,26,31,04,,2021-01-12,359757108
2021006,22,25,26,06,24,08,01,,2021-01-14,367900704
2021007,02,04,25,12,32,21,16,,2021-01-17,389232822
2021008,07,14,18,01,33,05,07,,2021-01-19,358122646
2021009,02,04,25,32,24,07,13,,2021-01-21,367324734
2021010,33,11,01,19,04,32,05,,2021-01-24,394795416
2021011,23,33,16,27,05,10,14,,2021-01-26,358439884
2021012,26,18,06,20,14,03,01,,2021-01-28,365486356
2021013,27,06,09,31,12,16,06,,2021-01-31,403024326
2021014,04,25,29,21,33,15,06,,2021-02-02,365029152
2021015,14,06,29,26,16,28,07,,2021-02-04,373264066
2021016,08,03,18,15,13,09,10,,2021-02-07,447622614
2021017,09,33,15,18,32,29,02,,2021-02-21,442443732
2021018,32,25,02,08,14,23,06,,2021-02-23,352299530
2021019,12,29,17,24,16,28,08,,2021-02-25,351320330
2021020,09,03,01,11,07,06,02,,2021-02-28,385685036
2021021,17,28,04,24,08,33,13,,2021-03-02,350734702
2021022,32,10,31,25,15,17,06,,2021-03-04,361605820
2021023,21,22,27,23,02,28,11,,2021-03-07,397987234
2021024,06,04,10,11,18,01,02,,2021-03-09,360465214
2021025,17,18,14,08,06,30,11,,2021-03-11,370761350
2021026,20,19,05,03,13,25,03,,2021-03-14,415303494
2021027,05,07,16,20,09,26,08,,2021-03-16,371997822
2021028,23,27,26,16,11,33,05,,2021-03-18,387583114
2021029,08,15,30,22,17,10,12,,2021-03-21,413514858
2021030,29,13,27,08,31,09,05,,2021-03-23,388490602
2021031,28,11,06,31,25,21,07,,2021-03-25,389664660
2021032,30,05,16,01,15,08,03,,2021-03-28,421020572
2021033,33,12,31,02,13,14,06,,2021-03-30,378842354
2021034,18,12,23,25,04,10,01,,2021-04-01,377894218
2021035,26,14,20,18,28,12,11,,2021-04-04,382205894
2021036,01,26,02,11,21,06,11,,2021-04-06,365524430
2021037,24,13,26,19,30,17,12,,2021-04-08,374416372
2021038,07,09,05,27,16,18,06,,2021-04-11,401665288
2021039,21,24,31,02,29,08,13,,2021-04-13,377513042
2021040,02,07,06,24,28,29,16,,2021-04-15,385858982
2021041,32,18,09,02,23,26,14,,2021-04-18,415676146
2021042,05,27,22,10,09,25,08,,2021-04-20,382918124
2021043,17,24,18,23,02,03,01,,2021-04-22,389948810
2021044,17,07,26,28,05,14,13,,2021-04-25,418973684
2021045,15,14,04,17,32,01,02,,2021-04-27,377279966
2021046,09,13,05,28,21,33,06,,2021-04-29,377425810
2021047,13,03,29,16,24,07,01,,2021-05-02,367123752
2021048,22,04,32,15,17,29,03,,2021-05-04,339198590
2021049,04,25,32,13,22,11,01,,2021-05-06,375111072
2021050,02,16,09,25,10,28,08,,2021-05-09,403433980
2021051,08,29,10,19,09,27,15,,2021-05-11,377624458
2021052,04,30,03,06,21,19,14,,2021-05-13,376039676
2021053,07,16,33,14,10,24,16,,2021-05-16,398009388
2021054,13,22,07,31,21,24,02,,2021-05-18,371689954
2021055,12,03,11,28,16,22,10,,2021-05-20,376647950
2021056,08,29,21,32,23,22,01,,2021-05-23,410076324
2021057,06,05,17,25,33,09,16,,2021-05-25,379559152
2021058,11,13,28,19,09,18,14,,2021-05-27,382666074
2021059,33,09,18,11,01,32,14,,2021-05-30,407754588
2021060,20,11,29,10,17,30,15,,2021-06-01,365484344
2021061,09,04,20,23,18,12,01,,2021-06-03,376779952
2021062,12,25,20,15,22,13,10,,2021-06-06,405763536
2021063,24,06,23,04,05,09,09,,2021-06-08,370142008
2021064,18,04,06,08,15,16,16,,2021-06-10,353338262
2021065,33,08,01,29,19,04,16,,2021-06-13,362527724
2021066,06,30,26,33,02,19,15,,2021-06-15,343529368
2021067,19,23,25,11,01,29,09,,2021-06-17,352986918
2021068,14,04,18,31,32,24,15,,2021-06-20,381950996
2021069,26,11,06,23,20,18,05,,2021-06-22,348547620
2021070,11,29,01,15,05,16,15,,2021-06-24,356032100
2021071,31,32,33,01,07,24,08,,2021-06-27,384399388
2021072,15,21,01,16,19,09,15,,2021-06-29,351515940
2021073,25,06,22,01,18,24,08,,2021-07-01,353932932
2021074,09,25,04,27,05,14,07,,2021-07-04,382266836
2021075,15,21,16,12,29,22,01,,2021-07-06,347517338
2021076,30,21,32,09,23,03,06,,2021-07-08,347734992
2021077,27,17,30,08,25,15,10,,2021-07-11,377616968
2021078,15,27,04,26,31,06,12,,2021-07-13,341551308
2021079,10,01,29,03,28,24,13,,2021-07-15,345574370
2021080,05,08,23,29,24,22,09,,2021-07-18,376533622
2021081,05,03,01,18,22,23,01,,2021-07-20,344437194
2021082,32,13,03,06,26,11,05,,2021-07-22,344368726
2021083,25,04,28,09,33,11,04,,2021-07-25,367542044
2021084,05,21,07,28,11,09,01,,2021-07-27,338765612
2021085,14,05,07,06,20,11,02,,2021-07-29,343883552
2021086,29,06,10,14,08,28,01,,2021-08-01,363965626
2021087,19,23,16,24,13,02,04,,2021-08-03,335386836
2021088,04,12,26,15,19,16,06,,2021-08-05,339080722
2021089,07,01,24,23,02,13,12,,2021-08-08,378094626
2021090,12,27,14,28,05,06,08,,2021-08-10,340567382
2021091,06,16,04,26,33,24,16,,2021-08-12,352636492
2021092,31,02,07,10,12,08,03,,2021-08-15,382276564
2021093,23,11,33,05,28,15,03,,2021-08-17,346398722
2021094,25,11,33,09,28,24,15,,2021-08-19,353340702
2021095,27,28,17,24,12,08,13,,2021-08-22,384516464
2021096,07,26,14,15,01,11,11,,2021-08-24,349161898
2021097,03,25,11,13,12,28,12,,2021-08-26,355020594
2021098,10,26,32,13,18,01,05,,2021-08-29,390403928
2021099,18,17,09,20,27,11,15,,2021-08-31,353159630
2021100,09,07,14,12,29,13,16,,2021-09-02,364068238
2021101,12,04,02,29,31,22,01,,2021-09-05,393612094
2021102,24,05,15,09,27,30,09,,2021-09-07,357853464
2021103,29,30,13,10,15,25,15,,2021-09-09,369736978
2021104,07,01,17,20,28,22,15,,2021-09-12,397369092
2021105,10,22,15,32,14,27,09,,2021-09-14,357292170
2021106,30,07,04,14,31,01,03,,2021-09-16,364122996
2021107,25,30,02,19,17,03,01,,2021-09-19,367139964
2021108,26,32,15,11,24,18,09,,2021-09-21,339998838
2021109,10,26,20,17,03,02,16,,2021-09-23,366715360
2021110,32,10,13,24,15,31,02,,2021-09-26,394569218
2021111,23,22,20,17,26,28,06,,2021-09-28,358360092
2021112,05,28,25,21,06,33,07,,2021-09-30,370338224
2021113,30,10,27,07,22,04,02,,2021-10-05,293434838
2021114,24,27,06,14,04,08,02,,2021-10-07,337378334
2021115,02,15,12,24,27,10,08,,2021-10-10,380172848
2021116,14,06,33,17,18,31,06,,2021-10-12,355338790
2021117,05,33,21,27,17,03,04,,2021-10-14,358589610
2021118,02,18,31,06,20,14,13,,2021-10-17,386079710
2021119,10,29,28,11,03,09,13,,2021-10-19,356935346
2021120,12,08,18,07,13,01,05,,2021-10-21,355518696
2021121,04,22,12,16,05,30,15,,2021-10-24,390361524
2021122,04,12,28,18,05,15,07,,2021-10-26,360872924
2021123,31,19,15,14,06,29,05,,2021-10-28,366471258
2021124,18,01,03,22,32,29,02,,2021-10-31,394848530
2021125,31,19,14,23,20,24,09,,2021-11-02,354978672
2021126,28,27,19,23,31,20,01,,2021-11-04,358964852
2021127,29,15,20,16,27,07,07,,2021-11-07,365976552
2021128,23,05,20,17,21,33,04,,2021-11-09,349441520
2021129,04,28,21,15,29,27,10,,2021-11-11,365299936
2021130,15,24,26,30,09,08,06,,2021-11-14,398037824
2021131,08,20,18,19,24,11,01,,2021-11-16,465860738
2021132,06,04,14,28,20,01,08,,2021-11-18,490071244
2021133,01,31,19,03,27,12,10,,2021-11-21,511607016
2021134,02,31,01,25,19,16,08,,2021-11-23,472467398
2021135,21,19,31,10,03,17,04,,2021-11-25,486663630
2021136,02,15,09,28,19,06,16,,2021-11-28,517068910
2021137,10,24,14,21,03,07,01,,2021-11-30,474456734
2021138,14,15,32,27,11,16,09,,2021-12-02,486491502
2021139,14,24,12,23,27,19,01,,2021-12-05,531219172
2021140,26,16,05,27,10,33,01,,2021-12-07,479975520
2021141,14,19,23,01,30,26,10,,2021-12-09,483132724
2021142,20,04,07,17,24,19,16,,2021-12-12,509166454
2021143,29,01,09,11,20,13,09,,2021-12-14,475857912
2021144,26,13,15,02,05,23,07,,2021-12-16,483556078
2021145,10,14,26,07,16,04,09,,2021-12-19,517254362
2021146,09,21,07,32,22,26,03,,2021-12-21,480619582
2021147,10,28,11,13,27,05,09,,2021-12-23,457370132
2021148,12,20,17,19,10,15,08,,2021-12-26,459686850
2021149,32,15,10,19,05,18,05,,2021-12-28,425925826
2021150,24,21,20,09,14,26,04,,2021-12-30,456402254
2022001,21,13,06,17,20,15,03,,2022-01-02,447434510
2022002,12,25,02,21,23,31,08,,2022-01-04,408646714
2022003,05,16,02,17,30,18,06,,2022-01-06,410382612
2022004,30,32,05,19,24,28,14,,2022-01-09,441401912
2022005,16,12,31,19,10,07,16,,2022-01-11,388503758
2022006,06,22,31,03,15,09,02,,2022-01-13,389820756
2022007,25,28,23,20,22,01,16,,2022-01-16,417998504
2022008,07,03,09,21,20,02,13,,2022-01-18,377713752
2022009,04,25,17,19,28,15,16,,2022-01-20,381172430
2022010,12,20,32,19,21,18,15,,2022-01-23,403819420
2022011,25,33,15,24,06,23,15,,2022-01-25,379627650
2022012,08,30,29,31,07,04,01,,2022-01-27,432967098
2022013,18,03,10,04,07,02,15,,2022-02-08,376000418
2022014,27,15,13,07,06,14,04,,2022-02-10,353937416
2022015,06,16,27,28,31,14,07,"浙江2注,山东2注,湖北1注,广东1注,广西1注,云南1注,新疆1注,共9注。",2022-02-13,387014176
2022016,10,19,31,29,20,05,14,,2022-02-15,370604868
2022017,09,24,06,32,29,30,07,"北京2注,河北1注,贵州1注,甘肃1注,共5注。",2022-02-17,367332144
2022018,17,11,07,30,16,32,16,"天津1注,湖南1注,共2注。",2022-02-20,392699896
2022019,21,05,25,14,20,06,08,"上海1注,江苏1注,浙江2注,江西1注,广东6注,贵州1注,云南1注,共13注。",2022-02-22,374092592
2022020,32,09,14,11,30,22,01,"浙江1注,共1注。",2022-02-24,376104336
2022021,24,07,26,03,31,22,14,"江西1注,广东15注,共16注。",2022-02-27,413793268
2022022,15,07,17,11,01,19,06,"北京1注,河北1注,江苏3注,浙江1注,湖北1注,四川1注,宁夏1注,共9注。",2022-03-01,374172850
2022023,24,12,19,07,17,25,02,"山西1注,吉林1注,浙江1注,湖北1注,广东5注,共9注。",2022-03-03,386299738
2022024,07,19,10,14,24,09,15,"山东1注,湖北1注,共2注。",2022-03-06,412478136
2022025,06,32,25,28,19,24,04,"湖南1注,共1注。",2022-03-08,380028752
2022026,15,03,10,04,24,22,02,"内蒙古1注,江苏1注,浙江2注,福建1注,山东1注,广东2注,海南1注,深圳1注,共10注。",2022-03-10,390646552
2022027,32,26,14,19,15,18,09,"上海2注,云南1注,共3注。",2022-03-13,407429120
2022028,20,23,05,22,11,29,09,"山西1注,广东7注,陕西1注,共9注。",2022-03-15,359741624
2022029,08,10,26,32,03,13,08,"天津1注,山西1注,江苏2注,浙江1注,安徽2注,湖北2注,广东1注,共10注。",2022-03-17,354275468
2022030,26,23,12,30,24,27,05,"浙江1注,山东5注,广东12注,共18注。",2022-03-20,376910184
2022031,32,11,26,22,10,01,07,"山西2注,江苏1注,浙江4注,安徽2注,河南3注,湖北1注,广东1注,贵州1注,云南12注,陕西1注,共28注。",2022-03-22,353060708
2022032,14,23,10,32,11,04,07,"上海1注,安徽1注,四川5注,共7注。",2022-03-24,365937174
2022033,22,12,19,05,25,26,05,"河北2注,浙江1注,山东1注,河南2注,湖北1注,海南1注,四川1注,贵州1注,云南1注,共11注。",2022-03-27,392018786
2022034,32,33,31,26,17,14,10,"辽宁6注,吉林1注,江西1注,山东1注,共9注。",2022-03-29,361289854
2022035,08,25,19,12,13,23,15,"河北1注,浙江1注,福建1注,山东1注,河南2注,四川1注,贵州1注,共8注。",2022-03-31,353577746
2022036,03,16,26,14,31,02,02,"北京1注,山东1注,重庆1注,广东4注,共7注。",2022-04-03,362126634
2022037,20,13,01,22,32,10,14,"浙江1注,福建1注,重庆1注,共3注。",2022-04-05,332623306
2022038,13,09,32,16,12,24,04,"安徽1注,江西1注,山东1注,重庆1注,广东1注,共5注。",2022-04-07,348860576
2022039,15,07,10,06,02,20,05,"北京2注,浙江1注,福建1注,山东1注,共5注。",2022-04-10,375104494
2022040,16,03,14,12,31,33,12,"北京1注,内蒙古1注,江苏1注,安徽1注,江西1注,山东1注,重庆2注,湖北4注,广东1注,贵州1注,陕西1注,共15注。",2022-04-12,343211044
2022041,29,07,05,24,22,21,14,"辽宁1注,黑龙江1注,重庆2注,共4注。",2022-04-14,348280000
2022042,30,11,05,21,22,10,13,"北京1注,山西1注,江苏2注,浙江1注,四川3注,陕西2注,共10注。",2022-04-17,376726628
2022043,25,17,20,23,27,02,08,"浙江1注,江西1注,山东2注,广东2注,贵州1注,云南2注,共9注。",2022-04-19,350215018
2022044,08,21,29,01,23,07,06,"河南1注,湖南6注,陕西1注,新疆3注,共11注。",2022-04-21,362459788
2022045,18,17,19,12,28,03,04,"辽宁1注,浙江1注,安徽1注,江西1注,山东2注,湖南1注,共7注。",2022-04-24,389120778
2022046,02,11,25,27,24,30,14,"黑龙江1注,江苏1注,浙江3注,江西1注,河南1注,贵州1注,青海1注,共9注。",2022-04-26,358743356
2022047,27,30,08,03,14,07,09,"上海1注,浙江2注,福建4注,江西1注,山东2注,重庆1注,湖北1注,湖南1注,四川2注,贵州5注,深圳1注,共21注。",2022-04-28,360230056
2022048,07,20,31,26,05,17,14,"辽宁1注,江西1注,广东1注,贵州1注,共4注。",2022-05-01,357972850
2022049,02,04,25,07,26,18,10,共0注。,2022-05-03,337463590
2022050,14,27,08,33,05,03,08,"北京2注,辽宁1注,黑龙江1注,江苏1注,山东1注,重庆1注,河南7注,广东1注,四川1注,共16注。",2022-05-05,363371278
2022051,05,21,17,11,33,02,01,"河北1注,辽宁1注,贵州1注,云南1注,深圳1注,共5注。",2022-05-08,389679034
2022052,32,27,31,07,24,29,15,"河北1注,山西1注,云南1注,陕西1注,共4注。",2022-05-10,359187786
2022053,18,10,14,27,33,23,15,"北京1注,浙江1注,江西1注,陕西1注,共4注。",2022-05-12,356510652
2022054,08,27,21,28,12,33,11,"辽宁1注,浙江2注,安徽2注,福建1注,山东1注,重庆1注,河南5注,湖南2注,海南1注,四川1注,云南3注,新疆1注,共21注。",2022-05-15,391678014
2022055,02,09,28,33,04,26,03,"内蒙古1注,浙江2注,四川1注,共4注。",2022-05-17,350153658
2022056,01,17,14,06,11,26,15,"浙江1注,安徽1注,福建1注,山东1注,贵州1注,云南1注,共6注。",2022-05-19,352329270
2022057,15,30,33,12,20,26,16,"上海1注,安徽1注,贵州1注,共3注。",2022-05-22,378857894
2022058,23,33,06,14,31,13,01,"北京1注,河北1注,内蒙古1注,江苏2注,浙江1注,福建1注,四川2注,陕西1注,共10注。",2022-05-24,336926030
2022059,18,09,06,29,33,19,06,"河北1注,内蒙古1注,黑龙江1注,湖北3注,湖南5注,广东1注,云南1注,宁夏5注,深圳2注,共20注。",2022-05-26,340378840
2022060,18,32,24,19,16,28,01,"浙江1注,福建1注,广东1注,共3注。",2022-05-29,361140396
2022061,01,18,29,16,33,03,06,"浙江1注,山东1注,陕西1注,共3注。",2022-05-31,331252342
2022062,23,33,16,18,20,21,05,"内蒙古1注,黑龙江1注,浙江1注,广西1注,深圳1注,共5注。",2022-06-02,329515310
2022063,09,22,31,17,06,08,11,"河北3注,山西1注,吉林1注,江苏2注,浙江1注,安徽3注,江西1注,山东1注,河南2注,四川2注,贵州1注,陕西2注,共20注。",2022-06-05,360023818
2022064,31,13,17,12,06,04,16,"福建1注,山东1注,重庆1注,河南1注,广东5注,广西1注,云南2注,共12注。",2022-06-07,340689068
2022065,23,09,18,31,28,14,02,"天津1注,河北1注,安徽1注,山东1注,共4注。",2022-06-09,348395414
2022066,14,20,11,27,30,06,09,"北京1注,山西1注,内蒙古1注,辽宁3注,黑龙江1注,江苏3注,浙江4注,安徽1注,福建4注,山东3注,河南2注,湖北2注,广东4注,广西2注,云南1注,共33注。",2022-06-12,370987262
2022067,13,01,05,26,29,21,15,"辽宁1注,浙江3注,山东1注,重庆1注,湖北1注,广东1注,贵州1注,云南1注,共10注。",2022-06-14,347891686
2022068,29,26,07,12,15,24,06,"江苏1注,浙江1注,福建1注,四川1注,贵州1注,云南2注,共7注。",2022-06-16,354071622
2022069,29,07,19,26,13,06,08,"浙江3注,福建1注,重庆1注,湖北2注,湖南3注,广东1注,广西4注,海南1注,四川1注,贵州1注,云南1注,陕西1注,共20注。",2022-06-19,380359658
2022070,28,04,33,09,27,06,02,"上海1注,福建1注,河南3注,广东1注,广西1注,陕西1注,甘肃1注,共9注。",2022-06-21,356598990
2022071,29,07,04,18,15,33,01,"北京2注,辽宁1注,上海1注,福建1注,江西1注,广东1注,甘肃1注,共8注。",2022-06-23,354289328
2022072,14,05,15,32,18,16,12,"北京1注,山西1注,上海1注,山东1注,重庆1注,广东1注,贵州1注,共7注。",2022-06-26,385506202
2022073,29,10,26,14,15,06,12,"河北1注,辽宁1注,河南1注,广西1注,陕西2注,共6注。",2022-06-28,352213628
2022074,29,33,15,19,07,05,15,"上海1注,江苏1注,安徽1注,山东2注,广东1注,共6注。",2022-06-30,354915638
2022075,01,02,26,25,30,04,10,"上海1注,山东2注,河南1注,广东1注,广西1注,共6注。",2022-07-03,379959636
2022076,29,09,13,10,24,08,02,"河北1注,江苏11注,广东1注,深圳1注,共14注。",2022-07-05,342718328
2022077,27,19,17,18,20,03,16,"北京1注,山西1注,浙江5注,广东3注,广西1注,贵州1注,甘肃1注,深圳1注,共14注。",2022-07-07,345118818
2022078,17,01,04,31,05,15,09,"山西1注,辽宁1注,安徽1注,云南3注,共6注。",2022-07-10,366650644
2022079,17,15,09,23,01,22,16,"黑龙江1注,江苏1注,共2注。",2022-07-12,341273762
2022080,17,18,12,15,27,05,04,"北京1注,黑龙江1注,江苏1注,浙江1注,江西1注,湖北1注,广东2注,新疆1注,共9注。",2022-07-14,342797508
2022081,11,30,27,04,08,21,01,"安徽2注,河南1注,广东1注,陕西1注,共5注。",2022-07-17,373064250
2022082,10,11,04,30,32,23,14,"上海2注,福建1注,共3注。",2022-07-19,347371994
2022083,19,13,08,12,14,20,05,"河北1注,浙江3注,安徽1注,江西1注,山东1注,河南2注,广西1注,贵州1注,云南1注,新疆1注,共13注。",2022-07-21,347550570
2022084,32,25,24,03,23,18,09,"内蒙古1注,山东1注,广东1注,四川2注,共5注。",2022-07-24,368808592
2022085,33,31,09,14,07,32,13,"北京1注,吉林1注,江苏2注,山东1注,河南2注,广东1注,西藏1注,甘肃1注,宁夏1注,深圳1注,共12注。",2022-07-26,341538762
2022086,04,21,24,08,23,01,11,"辽宁1注,江苏1注,浙江2注,山东1注,湖南1注,广东1注,云南1注,共8注。",2022-07-28,345421240
2022087,23,09,05,25,06,13,08,"河北1注,辽宁2注,上海1注,江苏1注,广东1注,共6注。",2022-07-31,370042706
2022088,15,17,22,20,03,09,06,"辽宁1注,江苏3注,浙江2注,安徽2注,山东1注,河南3注,广东6注,四川1注,云南1注,共20注。",2022-08-02,340253450
2022089,29,31,15,02,33,07,15,"山东1注,广西1注,云南1注,共3注。",2022-08-04,342434670
2022090,01,29,30,27,04,25,07,"浙江1注,山东2注,广东1注,海南1注,甘肃1注,深圳1注,共7注。",2022-08-07,365943774
2022091,24,18,20,28,22,08,10,"北京2注,辽宁1注,江苏1注,江西1注,湖北1注,广东1注,四川1注,共8注。",2022-08-09,335981918
2022092,21,20,07,27,10,16,11,"北京10注,江苏1注,福建1注,湖北5注,广东1注,四川2注,共20注。",2022-08-11,337222664
2022093,32,29,22,21,24,28,14,"山西1注,福建1注,共2注。",2022-08-14,363673578
2022094,16,06,11,31,19,13,02,"河北1注,广东1注,深圳1注,共3注。",2022-08-16,333751422
2022095,28,14,18,04,13,20,08,"辽宁1注,黑龙江1注,上海2注,浙江1注,广东1注,云南1注,共7注。",2022-08-18,339954958
2022096,16,25,19,17,03,33,07,"北京46注,浙江1注,山东1注,甘肃1注,深圳1注,共50注。",2022-08-21,374401638
2022097,04,13,05,10,30,31,14,"黑龙江1注,四川1注,陕西1注,共3注。",2022-08-23,339168020
2022098,33,06,21,03,02,04,05,"河北1注,辽宁1注,黑龙江1注,江苏3注,浙江1注,山东3注,湖南1注,广东1注,云南1注,陕西1注,共14注。",2022-08-25,339839938
2022099,24,11,23,26,32,01,15,"内蒙古2注,上海1注,江苏1注,山东2注,四川1注,陕西1注,共8注。",2022-08-28,368635154
2022100,06,21,20,02,15,07,15,"江苏1注,福建5注,山东1注,重庆2注,湖北2注,共11注。",2022-08-30,338953236
2022101,19,27,04,28,18,16,04,"辽宁1注,江苏20注,福建1注,广东3注,四川6注,云南1注,新疆1注,深圳1注,共34注。",2022-09-01,342584116
2022102,10,32,12,09,29,18,14,"辽宁2注,黑龙江1注,上海1注,四川1注,贵州1注,共6注。",2022-09-04,360805992
2022103,14,12,09,20,06,28,10,"北京1注,河北1注,辽宁1注,上海1注,江苏2注,湖北1注,广东1注,四川1注,贵州1注,深圳2注,共12注。",2022-09-06,331343836
2022104,01,25,31,19,08,26,01,"河北1注,山西1注,黑龙江1注,上海2注,江西1注,重庆5注,河南1注,广东2注,海南1注,云南2注,陕西1注,共18注。",2022-09-08,337087306
2022105,23,13,06,12,15,21,15,"河北2注,山东1注,广东1注,共4注。",2022-09-11,357410590
2022106,17,23,20,24,22,31,01,"上海1注,山东1注,湖北1注,共3注。",2022-09-13,336123528
2022107,28,03,09,15,19,11,16,"山西1注,内蒙古1注,浙江2注,重庆2注,河南1注,广东1注,宁夏1注,共9注。",2022-09-15,342747048
2022108,18,17,13,01,07,31,15,"河北2注,上海1注,江苏2注,浙江1注,山东4注,广东1注,四川1注,云南1注,共13注。",2022-09-18,379260702
2022109,13,04,19,33,11,22,11,"吉林2注,浙江2注,四川1注,共5注。",2022-09-20,349805376
2022110,28,18,20,09,13,15,15,"上海1注,浙江1注,江西2注,山东2注,贵州1注,共7注。",2022-09-22,352346658
2022111,11,28,31,02,13,10,01,"上海1注,安徽1注,湖北1注,共3注。",2022-09-25,385923798
2022112,31,08,25,03,05,17,01,"安徽1注,湖北1注,广西2注,陕西1注,共5注。",2022-09-27,348893862
2022113,14,13,29,27,20,24,02,"云南1注,甘肃1注,共2注。",2022-09-29,363604180
2022114,19,15,26,05,29,01,13,"河北3注,黑龙江1注,上海1注,福建1注,山东1注,广东2注,云南2注,青海1注,共12注。",2022-10-06,347069064
2022115,06,27,18,29,20,07,09,"辽宁1注,吉林1注,浙江2注,安徽1注,福建1注,山东1注,河南2注,广东12注,四川10注,贵州1注,云南1注,共33注。",2022-10-09,359461828
2022116,33,30,26,08,27,14,01,"江苏1注,共1注。",2022-10-11,337975208
2022117,17,04,29,13,28,18,06,"江苏2注,浙江1注,福建1注,湖南1注,广东1注,贵州1注,陕西2注,甘肃1注,宁夏1注,共11注。",2022-10-13,345578024
2022118,14,07,06,33,11,02,08,"江苏1注,福建1注,重庆2注,云南1注,共5注。",2022-10-16,374309728
2022119,02,18,05,27,26,15,04,"山西2注,黑龙江1注,浙江1注,福建2注,湖北1注,广东2注,云南1注,甘肃1注,深圳1注,共12注。",2022-10-18,341495720
2022120,15,26,29,19,02,27,02,"上海1注,安徽1注,河南1注,广西40注,共43注。",2022-10-20,355500194
2022121,17,30,31,27,22,12,02,"河北1注,山东1注,湖南1注,云南5注,共8注。",2022-10-23,380066114
2022122,24,28,19,17,08,06,05,"北京2注,河北2注,山西1注,辽宁1注,浙江3注,安徽1注,山东3注,湖北3注,湖南1注,四川8注,云南1注,共26注。",2022-10-25,350001646
2022123,16,25,21,20,10,13,05,"天津1注,内蒙古1注,江苏2注,安徽1注,河南1注,广东1注,广西1注,共8注。",2022-10-27,360850820
2022124,24,18,05,26,10,13,01,"北京1注,安徽1注,海南1注,四川1注,共4注。",2022-10-30,383396494
2022125,12,31,20,03,07,02,16,"山西1注,山东2注,湖北1注,云南2注,陕西1注,共7注。其中一等奖特别奖为：山西1注,山东1注,云南2注,陕西1注。",2022-11-01,429659904
2022126,01,13,26,15,33,17,13,"内蒙古1注,浙江1注,四川2注,陕西2注,共6注。其中一等奖特别奖为：浙江1注,四川2注,陕西2注。",2022-11-03,436137344
2022127,29,04,10,03,09,33,13,"内蒙古1注,辽宁1注,浙江3注,共5注。其中一等奖特别奖为：浙江2注。",2022-11-06,455409958
2022128,12,24,18,03,27,29,01,"黑龙江1注,浙江2注,广东2注,广西5注,四川1注,共11注。其中一等奖特别奖为：浙江2注,广东2注,广西5注,四川1注。",2022-11-08,420999886
2022129,10,12,14,22,27,24,07,"辽宁2注,黑龙江1注,浙江1注,福建1注,贵州1注,陕西1注,共7注。其中一等奖特别奖为：辽宁1注,黑龙江1注,浙江1注,贵州1注,陕西1注。",2022-11-10,430007836
2022130,26,08,17,28,15,02,12,"山西1注,黑龙江3注,江苏5注,浙江6注,福建1注,江西1注,山东7注,重庆3注,河南2注,湖南2注,广东6注,广西1注,海南1注,四川3注,云南3注,甘肃1注,青海1注,宁夏2注,新疆1注,共50注。其中一等奖特别奖为：山西1注,江苏5注,浙江5注,福建1注,江西1注,山东6注,重庆2注,河南1注,湖南2注,广东2注,广西1注,海南1注,四川1注,云南2注,青海1注,宁夏2注,新疆1注。",2022-11-13,446023212
2022131,05,29,19,03,10,13,06,"内蒙古2注,吉林2注,黑龙江1注,上海1注,江苏1注,江西1注,山东1注,河南1注,湖北1注,广东1注,四川2注,青海5注,共19注。其中一等奖特别奖为：内蒙古2注,吉林1注,上海1注,江苏1注,江西1注,湖北1注,四川2注。",2022-11-15,425292626
2022132,33,26,32,18,01,03,04,"浙江2注,湖北1注,云南1注,共4注。其中一等奖特别奖为：浙江2注,湖北1注。",2022-11-17,439981994
2022133,17,16,08,05,25,21,12,"浙江1注,山东2注,河南1注,湖北1注,湖南2注,四川1注,云南1注,陕西1注,深圳1注,共11注。其中一等奖特别奖为：浙江1注,湖北1注,湖南1注,四川1注,云南1注,陕西1注,深圳1注。",2022-11-20,457083562
2022134,31,01,14,05,17,24,14,"北京1注,河北1注,江苏5注,浙江1注,贵州1注,深圳1注,共10注。其中一等奖特别奖为：北京1注,江苏4注,深圳1注。",2022-11-22,404859714
2022135,13,24,09,32,28,11,06,"山西1注,江苏3注,浙江1注,安徽4注,广东2注,云南1注,共12注。其中一等奖特别奖为：山西1注,江苏2注,浙江1注,安徽4注。",2022-11-24,402652460
2022136,08,18,22,15,10,14,08,"河北1注,上海2注,浙江3注,河南2注,湖南2注,广西2注,四川3注,云南1注,甘肃1注,新疆2注,共19注。其中一等奖特别奖为：上海1注,浙江3注,河南1注,湖南2注,广西2注,云南1注,新疆1注。",2022-11-27,412826960
2022137,28,23,27,33,21,08,01,"辽宁1注,浙江1注,福建2注,山东1注,广东2注,云南1注,共8注。其中一等奖特别奖为：辽宁1注,浙江1注,福建2注,山东1注,广东2注,云南1注。",2022-11-29,380398430
2022138,28,21,19,14,02,25,11,"河北1注,新疆1注,共2注。其中一等奖特别奖为：河北1注,新疆1注。",2022-12-01,382295872
2022139,09,16,06,19,07,17,14,"北京1注,河北1注,内蒙古1注,上海2注,江苏1注,山东2注,湖南1注,广东1注,四川1注,云南1注,共12注。其中一等奖特别奖为：北京1注,河北1注,上海1注,江苏1注,山东2注,广东1注,四川1注,云南1注。",2022-12-04,421220444
2022140,27,20,19,18,09,08,15,"河北1注,辽宁2注,江苏2注,浙江2注,安徽1注,重庆2注,广东2注,广西1注,云南1注,宁夏5注,共19注。其中一等奖特别奖为：辽宁1注,江苏2注,浙江2注,重庆2注,广东2注,云南1注。",2022-12-06,397499610
2022141,27,17,13,05,20,12,14,"江苏2注,山东5注,湖北1注,广东11注,宁夏1注,新疆1注,共21注。其中一等奖特别奖为：湖北1注,广东11注,宁夏1注,新疆1注。",2022-12-08,415110854
2022142,21,03,16,13,01,27,03,"河北2注,江苏1注,浙江4注,山东2注,湖南2注,深圳1注,共12注。其中一等奖特别奖为：河北1注,江苏1注,浙江3注,湖南2注,深圳1注。",2022-12-11,440572602
2022143,29,30,33,07,13,08,03,"辽宁1注,浙江2注,福建3注,江西3注,山东1注,广东1注,广西1注,海南1注,四川1注,云南1注,共15注。其中一等奖特别奖为：浙江2注,江西2注,山东1注,广东1注,海南1注,四川1注,云南1注。",2022-12-13,397641696
2022144,23,31,32,20,22,07,05,"江苏2注,云南6注,陕西2注,甘肃1注,共11注。其中一等奖特别奖为：甘肃1注。",2022-12-15,400859910
2022145,30,21,31,03,33,25,11,"浙江2注,广西1注,陕西1注,共4注。其中一等奖特别奖为：浙江1注,广西1注,陕西1注。",2022-12-18,366333090
2022146,31,26,13,18,07,06,06,"河北1注,辽宁1注,江苏1注,广东1注,广西1注,四川3注,云南1注,共9注。",2022-12-20,319241960
2022147,30,02,20,07,03,13,10,"北京1注,河北1注,浙江1注,福建2注,河南2注,湖北2注,广东2注,广西2注,四川1注,云南1注,新疆2注,共17注。",2022-12-22,308727648
2022148,15,17,16,21,31,02,14,"山西1注,吉林1注,浙江2注,福建1注,江西1注,湖南1注,广东1注,深圳1注,共9注。",2022-12-25,328466772
2022149,29,33,26,32,22,02,14,"河北2注,辽宁1注,江苏1注,浙江1注,云南2注,共7注。",2022-12-27,305443962
2022150,07,28,01,22,11,12,05,"河北2注,辽宁2注,湖北1注,四川1注,云南2注,陕西1注,共9注。",2022-12-29,322732470
2023001,32,16,22,18,09,28,02,"辽宁1注,黑龙江2注,江苏1注,福建1注,云南2注,共7注。",2023-01-01,349018800
2023002,02,16,10,06,22,18,13,"上海4注,浙江2注,共6注。",2023-01-03,317440920
2023003,32,18,08,25,30,05,06,"上海1注,浙江1注,安徽1注,山东1注,广西1注,云南2注,青海1注,共8注。",2023-01-05,332514694
2023004,16,20,01,15,07,25,16,"上海1注,福建2注,重庆3注,广西2注,共8注。",2023-01-08,362777504
2023005,13,14,06,08,19,02,16,"黑龙江1注,四川1注,共2注。",2023-01-10,331127174
2023006,02,12,14,24,26,10,05,"内蒙古3注,上海1注,安徽2注,重庆1注,新疆6注,共13注。",2023-01-12,341187596
2023007,05,25,31,09,22,06,03,"北京1注,湖北1注,青海1注,共3注。",2023-01-15,357680590
2023008,13,26,05,18,20,28,06,"河北1注,辽宁1注,江苏3注,浙江1注,山东1注,重庆1注,甘肃1注,共9注。",2023-01-17,367864780
2023009,04,19,30,03,32,23,06,"浙江1注,湖北1注,共2注。",2023-01-29,370445322
2023010,18,27,05,04,13,29,12,"北京2注,浙江1注,安徽1注,江西1注,湖南2注,陕西1注,共8注。",2023-01-31,335698884
2023011,22,07,06,16,17,21,04,"河北1注,江苏1注,安徽2注,山东1注,河南1注,广东3注,广西1注,四川1注,宁夏1注,新疆1注,共13注。",2023-02-02,344777252
2023012,07,26,22,04,03,30,06,"天津2注,吉林1注,江苏5注,福建1注,江西1注,湖北1注,四川2注,甘肃1注,共14注。",2023-02-05,377681908
2023013,14,06,23,22,33,10,13,"安徽1注,贵州1注,共2注。",2023-02-07,351959204
2023014,23,30,06,18,07,27,05,"内蒙古1注,辽宁1注,上海1注,江西1注,山东1注,共5注。",2023-02-09,354854954
2023015,32,02,29,03,14,21,08,"北京1注,上海3注,江苏1注,重庆1注,河南1注,广东1注,广西1注,四川1注,共10注。",2023-02-12,392727530
2023016,14,16,30,19,23,28,03,"河南1注,贵州1注,共2注。",2023-02-14,363237418
2023017,26,18,28,20,05,11,12,"内蒙古1注,浙江1注,福建1注,湖北1注,广东1注,广西1注,共6注。",2023-02-16,385010210
2023018,10,19,12,17,25,31,13,"湖南1注,共1注。",2023-02-19,428078014
2023019,12,29,06,32,26,28,15,"天津2注,内蒙古1注,江苏1注,河南1注,陕西2注,共7注。",2023-02-21,399695170
2023020,01,26,17,27,18,12,05,"黑龙江1注,山东1注,共2注。",2023-02-23,394774502
2023021,05,19,02,27,06,21,04,"内蒙古2注,辽宁1注,浙江5注,福建5注,山东1注,湖南2注,四川2注,云南1注,陕西2注,共21注。",2023-02-26,430229092
2023022,10,19,31,23,11,18,03,"重庆1注,共1注。",2023-02-28,393991274
2023023,10,24,08,05,25,15,09,"河北1注,黑龙江1注,江苏2注,浙江2注,安徽6注,江西2注,山东7注,重庆2注,河南1注,湖北3注,广东4注,广西1注,四川2注,云南1注,陕西3注,深圳3注,共41注。",2023-03-02,394377912
2023024,03,27,06,28,09,17,03,"河北4注,黑龙江1注,上海1注,江苏3注,浙江1注,江西1注,重庆1注,湖北1注,云南4注,陕西1注,甘肃1注,新疆1注,深圳1注,共21注。",2023-03-05,424465912
2023025,21,04,20,16,31,32,14,"河北1注,辽宁1注,吉林1注,江苏2注,浙江1注,重庆1注,广西1注,四川2注,共10注。",2023-03-07,383537242
2023026,31,18,01,26,33,30,03,"河北1注,辽宁2注,黑龙江2注,江苏1注,浙江5注,湖南1注,共12注。",2023-03-09,382398740
2023027,27,10,08,32,22,33,08,"江苏1注,广东4注,共5注。",2023-03-12,405939502
2023028,10,22,07,05,20,17,14,"北京1注,广东1注,宁夏1注,新疆1注,共4注。",2023-03-14,378131048
2023029,28,33,03,07,24,12,08,"辽宁2注,福建1注,广东1注,四川1注,共5注。",2023-03-16,373970632
2023030,07,02,16,31,30,03,06,"上海1注,重庆1注,广东1注,海南1注,陕西3注,共7注。",2023-03-19,407635670
2023031,14,27,33,07,31,29,05,"湖南1注,广东2注,共3注。",2023-03-21,377795536
2023032,26,28,06,20,33,19,01,"浙江1注,安徽5注,江西3注,山东1注,河南1注,广东1注,四川3注,共15注。",2023-03-23,378271328
2023033,08,13,24,23,09,26,05,"湖南1注,广西1注,云南1注,青海1注,新疆1注,共5注。",2023-03-26,407044870
2023034,09,11,02,17,03,12,15,"辽宁1注,上海3注,深圳1注,共5注。",2023-03-28,371464196
2023035,10,20,09,04,01,33,06,"江苏1注,浙江1注,四川3注,深圳5注,共10注。",2023-03-30,376157550
2023036,24,19,18,14,13,30,09,"黑龙江1注,江苏5注,浙江3注,安徽1注,山东3注,重庆1注,河南5注,广西3注,陕西1注,新疆1注,共24注。",2023-04-02,402105258
2023037,08,25,29,26,23,31,12,"河北1注,江苏1注,江西1注,河南1注,海南10注,四川1注,陕西1注,共16注。",2023-04-04,357460864
2023038,09,02,33,14,17,31,08,"吉林1注,黑龙江1注,上海1注,安徽1注,河南1注,湖北1注,湖南1注,贵州1注,云南1注,宁夏1注,新疆1注,共11注。",2023-04-06,368841578
2023039,28,13,02,19,03,09,09,"上海1注,浙江1注,河南1注,广东1注,深圳1注,共5注。",2023-04-09,409186858
2023040,17,29,09,24,31,16,08,"山西1注,辽宁1注,山东1注,陕西2注,共5注。",2023-04-11,372777348
2023041,01,06,13,15,24,12,06,"山东1注,重庆1注,湖北1注,共3注。",2023-04-13,379030400
2023042,20,27,30,23,17,10,10,"辽宁1注,浙江1注,湖北1注,广东3注,广西1注,云南2注,深圳1注,共10注。",2023-04-16,406450374
2023043,08,12,28,05,24,20,10,"天津1注,上海2注,浙江3注,安徽5注,福建1注,重庆1注,广东4注,广西1注,贵州1注,共19注。",2023-04-18,370609676
2023044,15,08,26,02,24,22,16,"上海1注,江苏1注,安徽5注,重庆1注,共8注。",2023-04-20,375494004
2023045,03,21,06,12,28,27,04,"北京1注,天津1注,江苏2注,山东1注,重庆2注,湖北5注,湖南1注,云南1注,共14注。",2023-04-23,398638950
2023046,17,06,08,26,28,25,03,"山西1注,湖北1注,广东1注,四川1注,共4注。",2023-04-25,364967218
2023047,23,05,33,14,07,31,07,"北京1注,辽宁1注,浙江2注,安徽1注,广东1注,四川1注,贵州1注,共8注。",2023-04-27,373486114
2023048,24,10,02,30,28,03,08,"北京1注,辽宁1注,上海1注,浙江3注,山东1注,河南1注,湖南2注,广东2注,四川1注,贵州1注,甘肃1注,新疆1注,共16注。",2023-04-30,362109840
2023049,07,14,25,05,23,27,02,"山西1注,吉林1注,江苏1注,山东1注,四川2注,共6注。",2023-05-02,328857030
2023050,23,07,22,02,09,14,05,"湖南1注,西藏4注,共5注。",2023-05-04,359185180
2023051,33,32,26,22,30,29,14,"广东2注,共2注。",2023-05-07,388332454
2023052,05,17,08,04,12,03,06,"辽宁1注,吉林1注,黑龙江1注,上海1注,江苏8注,福建1注,山东1注,四川1注,云南1注,共16注。",2023-05-09,358038114
2023053,27,14,30,07,20,01,15,"河北2注,福建1注,山东5注,河南1注,广东1注,共10注。",2023-05-11,364282626
2023054,26,15,09,10,05,06,12,"江苏1注,江西3注,山东1注,广东1注,广西2注,共8注。",2023-05-14,394464450
2023055,20,04,03,32,27,23,13,"广东1注,共1注。",2023-05-16,370786668
2023056,15,23,18,33,08,14,08,"北京1注,上海5注,江苏1注,山东1注,四川1注,深圳1注,共10注。",2023-05-18,372532958
2023057,05,32,24,02,17,10,03,"黑龙江5注,上海1注,江苏2注,浙江1注,安徽1注,江西2注,湖南2注,广东2注,四川3注,陕西1注,新疆1注,共21注。",2023-05-21,396913794
2023058,17,10,30,22,33,26,11,"上海1注,四川1注,共2注。",2023-05-23,372662796
2023059,13,22,32,02,27,06,06,"吉林1注,黑龙江2注,江苏2注,浙江1注,安徽3注,福建1注,山东6注,重庆1注,河南1注,广东11注,陕西1注,共30注。",2023-05-25,374631364
2023060,09,30,19,31,11,17,11,"辽宁1注,江苏2注,浙江1注,山东1注,陕西1注,共6注。",2023-05-28,402713176
2023061,22,12,01,06,11,04,15,"山东1注,湖南2注,共3注。",2023-05-30,365432766
2023062,23,19,33,26,11,24,15,"黑龙江1注,共1注。",2023-06-01,359921314
2023063,04,17,20,22,08,27,13,"北京1注,广东3注,共4注。",2023-06-04,390718820
2023064,01,11,12,16,18,07,04,"北京1注,山西1注,河南9注,湖北1注,湖南2注,广东1注,广西3注,陕西1注,共19注。",2023-06-06,358055754
2023065,20,33,02,26,17,14,14,"河北1注,浙江3注,山东1注,河南1注,湖北1注,广东1注,共8注。",2023-06-08,364732942
2023066,08,31,07,26,10,02,06,"河北1注,辽宁1注,黑龙江1注,浙江11注,江西1注,山东2注,新疆1注,共18注。",2023-06-11,393592226
2023067,19,01,28,12,03,32,14,"河北1注,辽宁1注,黑龙江1注,福建1注,四川1注,共5注。",2023-06-13,364444632
2023068,15,33,12,18,29,11,02,"河北1注,共1注。",2023-06-15,370869162
2023069,26,17,20,21,14,12,02,"河北2注,浙江2注,山东1注,甘肃1注,共6注。",2023-06-18,396617204
2023070,32,31,03,25,33,05,04,共0注。,2023-06-20,358436376
2023071,24,15,12,19,05,26,06,"河北1注,辽宁2注,黑龙江1注,浙江2注,福建1注,山东1注,河南1注,湖南1注,广西2注,四川2注,甘肃2注,共16注。",2023-06-22,335357710
2023072,02,10,24,33,06,25,09,"吉林1注,上海1注,重庆1注,湖南4注,共7注。",2023-06-25,390203400
2023073,16,15,32,01,25,03,10,"北京1注,贵州1注,云南1注,西藏1注,青海1注,共5注。",2023-06-27,360075550
